Stock_1,Stock_2,Stock_3,Stock_4,Stock_5,Stock_6,Stock_7,Stock_8,Stock_9,Stock_10
-0.02086931879152766,0.006343745964646953,0.007835518767143489,-0.0064754823945394925,0.010285615429382607,-0.02514644948639315,0.002616440571325964,-0.01109981446490958,-0.00520979366878882,0.00362587990567352
-0.01507577878844171,-0.01107598634009487,0.0018308414872456806,-0.009993847786588976,0.005962574791328501,-0.022896208345454534,-0.0004715156773274014,0.012618793406965352,-0.03957897201052177,-0.008908917290843582
0.006912913023373034,-0.005247430145803911,-1.1700748243881767e-05,-0.008077468097991211,-0.0008011193752399138,-0.004442946954363525,0.007113851312080505,0.0006919036052759512,0.0023100449766837975,-0.004271099573988506
-0.009795755592493417,-0.011432138164438495,-0.0039237809477580265,-0.008365140296739964,-0.0005089399546884085,0.030870633937583568,0.0022487896717830825,-0.009864462330515732,0.01141319023315242,-0.006702354930912507
-0.019003619558371942,0.02055734592081607,0.007521254604476963,0.009844681000951493,0.013009795524831303,0.04094761119318918,0.017633856308791933,0.016642272080919528,0.02911996742936926,0.002442695024197425
0.00352004612019776,0.005749179084871086,-0.013659392316442937,0.012247505192207601,0.004078532813858213,-0.006897393709713016,0.0050738416197290085,0.02917664806688079,0.0027400938526051595,0.001690487217564303
-0.011769186982368477,-0.02109455435762757,-0.005910242295011099,-0.01617999108784526,-0.006201910362038699,-0.0150800107900934,-0.004553829824698838,-0.006150471607825931,0.004890668093269388,-0.01089112713542531
0.0007056262365163135,0.005629162904405344,0.007184301950268789,0.01015870253232138,0.014734263913303814,-0.00968805046248747,0.01369107924166569,0.026110476737397872,0.013747159754442505,0.017583092230952883
-0.01707633010996952,-0.02629261423056574,-0.032562499066894054,0.007344541426242295,-0.000413233059634129,-0.009113482319891508,-0.0074569278595452565,-0.026373127024105974,0.022925100889690686,-0.008540300115309788
0.0028881043365854065,0.008697825227112516,0.007688695430578849,0.004177039047545621,-0.00777355576918459,0.009499907130228634,0.016849989428322356,0.01969183364020822,0.024410277535358224,-0.0008764524114820609
-0.02398233546661594,-0.02921723064528167,-0.02519586218770399,-0.0021360254222894,-0.03323967062633653,0.01243216753931496,-0.016900551527728774,-0.025062534733767867,-0.03197690462961603,-0.024549567031111406
0.005006227911094296,-0.018522850934819122,-0.029407151791851126,-0.022714130847671616,-0.012869539970208146,0.01908775578773654,-0.012634060386422672,-0.03227443435269038,-0.015449959607160554,-0.011679405708148103
-0.03696125658628396,0.0029888870829407033,0.0008491936681710963,0.009048766501493978,0.023398237643407486,0.02040885822215965,-0.0004433191163756408,-0.011604016848517045,0.037909321077803905,0.0022782054756503977
0.004291645181791916,0.011163973778197108,0.012090906022703959,0.004084725403488367,-0.0015953033976919828,-0.003965890410640218,0.005800427740117778,0.001105114396538549,-0.002676183807231802,0.006832498861158071
-0.002473081568057066,0.013666176739734524,-0.022195667058115355,0.013016017877074529,0.016085795956824148,-0.0334530573279049,-0.0012383743373025828,-0.002519741665335339,-0.01760751081572739,-0.00269188722139081
-0.01609774589367818,0.011208176978895534,0.007630544044188497,0.012861169949143767,0.007919243415794959,-0.019570771274280505,-0.005000454407556882,0.005483028842607998,-0.017708066231610316,0.0035299643418392817
-0.004724966952316663,-0.006604049224341959,0.0030511106351858272,0.002857317449285543,-0.006164811049849326,0.017555458983884577,-0.010941586358792206,0.005191598520636703,0.005770258793010693,-0.0037626017450992717
-0.002823293562006041,-0.030126062505417585,-0.010638281549059065,-0.012133253998945121,-0.01610811391816075,0.007658010387072548,-0.017398967955278278,-0.03261127476933733,-0.03505425891234823,-0.007862976858890187
-0.02165124413411693,0.00234494091949554,-0.028731728669797355,0.01301676663509207,-0.0022470017515901393,-0.0063796676941878655,-0.010022744022086685,-0.0018557557589701913,-0.006890709939714244,0.0009728537169704564
-0.0005287019631142715,-0.005224687552805731,-0.009156421317776891,-0.0035395154045301832,0.0006663533698062749,-0.03167821696774278,-0.014360304483408866,0.005175545406162998,-0.0015797792616271341,-0.004309587366136644
0.006014382937923941,0.01848422071155215,0.00941422795123535,-0.00029888247594124674,0.00968914413994219,-0.009027966905267162,0.011889081303557581,-0.010366426413148985,0.024483324017204485,0.011439760766165728
0.005668576265290279,0.012500810122166545,0.02059707810416522,0.013433438488839163,-0.01929260063474808,-0.018957580263447887,-0.002108734332935981,0.004299429980273405,0.010731105821250845,-0.001032348491282624
-0.006280357024854182,-0.030792299103021,-0.028836065047143932,-0.026982870939136733,-0.02279049131526422,-0.03456437504794717,-0.02185809105972348,-0.0042249044794733515,-0.02927367934510786,0.001429580392908767
0.008931106230196098,0.006554961103682448,-0.003342227804094425,0.009998091930617362,-0.004444063271867069,0.004424238946620747,0.023197802756763305,0.002546282651114433,0.01931979097656081,-0.001058348817379906
-0.002250922184961929,0.007379163778620385,-0.01062051427975645,0.01661879441070742,0.005917346211776732,-0.011906136615064617,0.002082406447736356,0.008864902139258156,0.005386279895985357,-0.011608841579257758
-0.013583335591985563,-0.01122536057998899,-0.009325146865566947,0.0020317023305615246,-0.00234884935539572,-0.02686764382331119,-0.0022811368352674516,0.0012723607169009804,0.0018052776353709445,0.001184169197486861
0.015257283998781183,0.012728068181508173,0.007884726658913016,-0.012735822476368152,0.009420099823930099,0.007827130279159364,0.007213894339524218,-0.009517301613360361,-0.008970854657798344,0.011222545109192204
0.005056234897807682,0.020468530216041725,0.014395962652187422,0.007995979632526861,0.01830228485095888,-0.0014497173336457943,0.009183463000332844,0.005134559829463822,0.003915285130963129,0.006779519480016369
0.008247282672131307,0.010773783433596248,0.0245832880962678,-0.0024159503029598166,0.004299351385091213,-0.0008508409963497545,0.01918172418787848,0.012488725784777633,0.02334788345147778,-0.0007110865414687054
-0.0003328367492977503,-0.005545830840691369,-0.010017292198481834,0.005544060940458118,-0.011684825425927822,0.018072670577146087,0.011753827477985476,-0.012766419138934455,-0.013666945267690534,0.002022672455365523
0.02103495193988996,-0.00777319404646715,-0.00766954400522239,-0.004820627269578365,-0.017865585129462087,-0.017363584624873026,-0.010391795706699044,-0.012483610321748682,-0.003022885255115935,-0.000729085164161241
0.023956997792719963,-0.0017311745579224513,0.014041772599731444,0.00045327794259251536,0.0018353419912436784,0.013748145151604663,-0.006188888497486773,0.008702886424276602,0.005739030790781086,0.005809656618109074
0.009428126011304385,0.032233909791611365,0.007407992056157612,0.0017156127532114264,-0.0005647202836274618,-0.0024902776092842797,0.0028730013436608034,0.025560013269587952,0.02915742263606335,0.004850623870399136
-0.014045656103496609,-0.0032196721876375234,-0.011172974621229065,0.003569007989471832,-0.0007019005458663336,-0.028542908759123554,0.008641981060275907,0.01836802220300051,-0.012634512106092816,-0.005616778432783562
0.0033362446586230944,0.00012337011594324478,0.004097572344819537,0.020114898187545815,-0.0031987027268053267,-0.014499947330894172,-0.012397718919303205,-0.010748773024802274,-0.0018498019646431341,0.009137399725104595
-0.012848178352133127,-0.014194645619947164,-0.0145025637654004,0.004931302299236012,0.02254067198561322,-0.01630507015017878,-0.012687500346692086,0.002384188275627831,-0.0005010934343509809,0.002149825719062625
0.002301363026990687,-0.019651119363631966,-0.010004345682370354,0.003454733980472426,0.0017217423712323008,0.0004983285735038246,-0.0009689875470810318,0.0030541250140459298,0.008385419755712432,-0.00538596428742766
0.0021103338714536816,0.0134642361474293,0.02253891000398858,-0.002446686618111979,0.010067890375013499,-0.000884060841371355,0.00688772727088297,0.025026500029104226,0.010566383351644656,0.007076707802723087
-0.011969568107156514,0.02570852621588464,0.02451996017322897,0.03270477498754984,0.005765173190104089,0.013107828504341494,0.013024537839140768,0.03439960579992089,0.0116565628038562,0.012703712952499644
0.00849357365627632,0.0007453098720121871,-0.004755211932914196,0.0018635646119528366,0.012384351445826818,-0.017552226163847467,0.0006072043648851451,-0.009192455480085395,0.016264029910003735,-0.008863760464289598
-0.002450225779886302,0.017906655144736487,0.02845230997828137,0.006797943605865797,0.00043060008403162704,0.03858196189533364,-0.0033829567520801728,-0.01722431760434206,0.01580295766812471,0.005463393240015927
-0.01234639079613275,0.010819962153476118,0.007498769855370768,-0.003004708219077579,-0.012532015931409932,0.017271609176566637,0.008230090939355868,0.002891484895966313,0.02935349980385647,-0.0028514133745000648
-0.02473715809623048,-0.013909687376286785,-0.008630748860533161,-0.0017020253444727678,-0.007092668264874315,0.0016602788101047648,-0.015071283415522264,0.012190889507286194,-0.006812484628518352,0.0016438154890632158
0.006990274693909568,0.009031955477556612,0.010553840055113076,0.007612718435669102,0.010237005108491138,0.02493223356052367,0.004600937295499803,0.013163826194086247,0.0024623648867478573,0.011446693035885634
-0.001333154400879511,0.035861040914321705,0.02050948391054477,-0.003721097173701348,0.012166015522968076,-0.0007530300695587917,0.019213808122598708,0.007910453315136255,0.008478300511377346,0.0017883696751160368
-0.0063493943142398,-0.017237465664489738,-0.014945008967532536,0.008065137512401569,0.009222835359322437,0.0070557346016766505,-0.007895972167612895,-0.0005272382988525536,-4.3458627249692944e-05,-0.00649915824446012
0.029709978862379565,0.02970174822002382,0.019167653440685432,0.011767210474749115,0.013298009748052637,-0.02340024830038857,0.010730549121628592,0.007809838911759721,0.0010133502701989256,0.01116178574244503
0.012099057458666393,-0.03348248668580614,-0.03987270149767461,-0.01231250442781294,-0.0011298313795955607,-0.0022278878515544606,-0.020469112168083958,-0.03462437743533638,-0.014378456476362577,-0.018103367325960632
0.017220377588831146,0.017066409119860283,0.021191258724465433,0.0005766739456396648,0.021365672626101354,0.009094571506873575,0.02332525275515664,0.00010696848424184128,0.03210609818832696,0.008013810630669497
-0.008532700298332948,-0.0016721165622626264,-0.0014529029858995454,0.005411336707240964,0.006946837132471078,-0.008868050403678258,0.0006285851743463313,0.02857428060355068,0.02514071880610711,0.0035576003671149827
-0.0007679643930491068,-0.003063541649584319,0.0021648258913423038,-0.012525128275882057,-0.004923907700608018,-0.029875933844709126,0.0009103214981280059,0.0056105097108207274,-0.009155770910985907,0.006984014580907996
-0.01665114393037271,-0.008556857566004432,0.0037213023483074806,0.011982855770084367,0.02072752693297571,-0.00690949960508377,0.009485380765684422,0.0008972168522516818,-0.0012015344210407704,0.0061432622537784375
-0.0008486605214862024,-0.03991560177477502,-0.012237265985301287,0.0006658816203175237,-0.020796652722629982,-0.00678008882516385,-0.011911811305939645,-0.016607189584401962,-0.025824261113100534,-0.01916906998190892
-0.0012560620784479559,0.005568779573034553,0.002565944587913735,-0.005115101286795667,0.007802352513992905,-0.04913067074421056,0.007541043711938352,-0.0239225113051391,-0.006739709328966545,-0.007733365362138965
-0.016246837786543542,0.013962575683212849,0.0007630657024950933,0.006520022330648694,0.0020417012203502107,0.010606540215294499,0.0036094828182933873,-0.01220533840631853,0.017502917597796503,0.00039599688835748693
-0.014125393315225802,0.019167628536803306,0.03416527109144184,0.01979052146906135,0.006110650768502834,0.004402672532729177,0.009437575095505841,0.04199405464810785,0.019417245090635405,0.014526599790302235
0.012158927628821939,-0.005444229156412277,-0.008943233184925438,-0.005413153705125129,-0.004219122365445328,-0.004003985499376236,0.001772561279839166,-0.004204122056406901,0.005684052740589107,-0.004177298638264463
-0.002844202802586846,-0.02557589574076708,-0.0017827741658197754,-0.0017832080169211532,0.006467383588459296,-0.05395521234207612,0.010317765020689703,-0.009613294788090141,0.008194198914149877,-0.011937898479811419
0.006325528519256759,-0.014366343367540743,-0.01214513348553918,0.016853829324845294,-0.005516577138118423,0.00038137788822923123,0.0030441757145877333,0.0016065427822736214,-0.0022469039803668972,-0.0015077250605187204
0.03909038720467654,0.013527215625733167,0.014476751116201673,0.017887297895875447,0.01949443523173718,0.026333863612171476,0.012592000266690615,-0.004704499369922173,0.03155367765727891,0.0010957071218929313
0.006251946457230117,-3.700133229021603e-05,0.004171460690124096,0.006131788215757873,0.006209121381735028,0.009487931996493755,0.015668982574309563,0.009581384458785171,1.381320099046135e-05,0.008476573153887675
0.014356033441931768,-0.016013407083627213,-0.001061044421391372,0.003924882056096566,-0.006973094130448284,0.019623105546792856,-0.005337032334329965,-0.003385762979229456,-0.006999940998956758,-0.0037196380385024776
-0.012620954995811824,-0.0021885739803621726,0.02219170885224585,-0.004893553490998147,-0.008077133181136138,-0.03245871226492368,-0.0008574204093636613,-0.011114912529679971,0.027925197627948154,0.010197032284346132
-0.009001266719519313,0.017882431706765373,0.010897390670957408,-0.002378259538498099,-0.028771281023198585,0.03926243857533965,-0.010205808078990944,-0.01947752535497702,0.015444791874265281,0.015050009514982707
0.024918365731946418,0.01871796737433722,0.01887952264854745,0.01619646175692604,0.01575338204365359,0.011499889677511772,0.008746584590770693,0.009576943529372125,-0.0011020323047987758,0.006448492979539187
-0.027407355482968868,-0.010536726618671286,-0.018236786766065168,-0.01624417720523127,-0.0024942302250018132,0.01871904773636251,0.0018190651750023754,-0.026714449231773265,-0.019944495402668187,0.00018772446199704417
-0.015385445585487425,-0.005929242381919984,0.001187569570000484,-0.012157791393149237,-0.0008239182553107366,-0.02445865881081615,-0.007319962451047082,0.0011542844575169718,-0.024833844153906288,0.0002999478362053381
-0.002069858854959017,-0.00136486652867353,-0.002731018243364149,0.011863560849179403,-0.0010282942628999548,-0.009721698328207533,-0.002052484370863866,0.003335545438107002,-0.002635304782030402,-0.002488003969394727
-0.01732170897700608,-0.025733628398932763,-0.03226718036812795,0.008276830152711653,-0.024544849327948048,-0.021464642911263317,-0.017390714765578318,-0.0031733571998407714,-0.017394444340483397,-0.004088445332631521
-0.00775723864699631,0.006811727252324176,-0.00349893741910185,0.024963101409589385,-0.011880982540325945,0.007384157297498928,0.0075718716105536025,0.008741823727564416,0.0005271792533587612,0.001986662078388039
0.0022299793152316433,0.0032749647288210144,0.012914486810378809,0.025399446428452137,-0.00465894048877395,-0.021035599157623795,0.0015169258220900082,0.03591882857614523,-0.008386663070505914,0.011786423225486817
0.024062531473885766,-0.0033708246987137445,0.0057992272747398885,0.017466607487832332,-0.00429199816741094,-0.003218254473534976,-0.004486242967943655,-0.01240225558234625,-0.008627909270154154,-0.006548801101702261
-0.00048817982238030507,-0.008428897897101384,-0.0005395223137546936,-0.017661382690726344,0.0024809031062986296,0.012543867123860648,-0.017703544636783336,0.0027980981224617284,0.015201902816419201,-0.008363922689175652
0.016595001209604,-0.017352534523077185,-0.02508074660676601,-0.010328096282674181,-0.00287676688633267,-0.008235118623022585,-0.0069523642948764435,-0.025762631239180503,-0.01049824970767715,-0.018869183534088844
-0.0035169383995731184,-0.012113703025458658,-0.01211292683175773,0.01031636873072711,0.01021660006727496,0.0075075884519707975,-0.011992931072538592,-0.007886783611134152,0.013265602636741005,-0.002137712634362129
0.03134867250750206,-0.0017677381654738545,-0.0023718393706637685,-0.0053461356307907245,-0.0005930411847884497,-0.00473781259108741,0.0030283829784509358,0.009097532171125555,-0.013767886273430988,-0.009912137660907466
-0.029960055475375693,-0.00770958519428644,-0.020649059627195262,-0.02797097882648665,-0.0007065406784158125,0.03650624574869811,-0.006377556845599438,0.002885248902423265,-0.00600003668631058,-0.006527972752170872
0.012440664154839796,-0.003949214316555812,0.0007524780555611709,0.0025669182394488033,-0.008848171102442877,0.01570429281164113,-0.0025727163088589363,-0.010814493857889585,0.006287444781931577,-0.006011263556062507
0.002752788784724364,0.0063547934306972,0.015964599988986156,0.008199836632291497,0.0026209816142284937,0.016643887684248872,0.014487638852957242,0.011678738176764021,0.004249736579094666,-0.003893014026501532
-0.005031954101957767,0.026040740007122542,0.0198065958772567,0.011813159485102117,0.013693688438362057,0.02193967135768486,0.01472909198806484,0.02596042850664046,0.01881396736719479,0.004053530128208468
-0.012159062094819354,0.0020244944731671113,-0.008630614600166,0.007879558013521535,0.019478419352195034,0.021803417341950966,-0.00017923657185582828,0.021187839274929787,0.004031844034481589,-0.00015575703423433986
-0.0071061128008339655,0.002120805893162313,0.00018256800822299637,0.00396268668872868,0.003819814823559831,0.001973613821281833,0.005687929786538014,0.01822303580282745,0.015926390275117535,-0.006038058921262396
-0.036346704110322564,0.0060125758009237145,-0.013423439495438057,-0.002549852994280326,-0.014200549954785101,-0.030579346962837727,0.0038535602457182095,0.00933511286282733,-0.008358898409866774,-0.014966344966511835
-0.017483550324921018,-0.024945087584564218,-0.03904912762630759,-0.01140425364549022,-0.0131015384392404,-0.0032314273110919728,-0.01435227740574777,-0.03158738908846218,-0.0009255933930308389,-0.015701752284625965
-0.0002753291975092881,-0.006528561399729453,-0.004119433923590685,-0.009135788179969306,-0.0020662336683222055,0.028699628461094442,-0.011058498405745026,-0.020339271764259873,0.020522343929938677,-0.0010190224313275141
-0.00892260989085946,0.008741043742770767,-0.004486657207120458,0.019933259571175754,0.008600426043682885,-0.007611987896044291,0.017855539655924093,-0.006637083305590929,0.01120665695395803,0.0025647848636655185
0.03152889163057009,0.04776259857946495,0.033514354188167714,0.009978657603621897,0.022403960216114644,0.005625841389768452,0.0360309129974217,0.027424546627634636,0.018223573272789458,0.020925197094486474
-0.019850863552918232,-0.00923833014245451,0.00909218508594616,-0.007925185370387814,-0.01354568267249683,0.007851560675756361,0.00805601657668456,0.0076156639324226885,0.012379083409927048,-0.005450064082570974
-0.0183385131619177,0.01556083048480732,0.0013833059323483743,-0.00014509672595398017,0.017945645453056096,0.011555412477790973,0.006193275950213219,0.03106138944271048,-0.005785333336560311,0.00805483846887406
0.0008774322638249785,0.001875020002922615,0.014270633356330057,0.005422151319978564,0.006299724603159309,0.0179193173901673,-0.003073769295348231,-0.010578546650903168,-0.014491497397344457,-0.011093274679715957
0.02331833931419453,-0.024522631631639782,-0.017255005979610803,-0.010890761307569812,-0.004165913184263418,0.005861744207566542,-0.0023961916380440475,-0.01894259757772644,-0.01287167939009839,-0.007253903075281814
0.002673283004553641,0.028678701342990262,0.020226666394598778,0.01619309390186457,0.015803668825900175,0.027660621712899763,0.01076158396407328,-0.00432967371467471,0.01654108053949233,0.005714954743263886
-0.0033303552894612593,0.015691756256316698,0.022029655882041463,0.005919030766238177,0.008946181680433476,0.03386029062254265,0.008095443898670946,0.041228493970497986,0.015200838968066038,-0.003697893848239914
0.015048527588108795,0.014811072989720307,0.023033523787476175,0.013039619497609099,0.003916396573328479,-0.014972488543492878,0.0048138832667423215,-0.0022604846810913,-0.0003488466564465816,0.009995091973553126
0.019191247060023613,-0.010087718589907382,-0.02294424650393846,-0.0014721639773888216,0.008131349722386877,-0.01628311476367091,-0.008261926170287084,-0.008685797365991628,-0.01903381458200716,-0.00311901393364834
0.00583776785154234,0.024075592728157368,0.010757624893922934,0.005740803972170178,0.018280762912786908,0.0034938972030877885,0.025212358188813774,0.00974091411193651,0.016533738910063468,0.01679528899124141
-0.027157299575195446,-0.03261403550776117,-0.03260003023436849,0.00360489010875955,-0.01593034286076928,0.03350262960531736,-0.015662264760237854,-0.011572792417203026,0.008690040659387976,0.0007195970000701905
0.032532474927402785,0.01767678217421621,0.017820260164357983,0.010738699722271957,0.013380357880203598,-0.005074589548947595,-0.0016986013022579438,0.006417425051288521,0.0034464105975912838,0.002444683672736277
0.021526225760840113,0.039453422991101654,0.03040881077514505,0.0314502455839114,0.0015786831939199285,0.011882921763017518,0.012008731939546336,-0.0008369388554025408,0.019606166022935103,0.01702118637353744
0.016550615341044798,-0.009605731528657065,-0.022414625411001077,0.012742980129558336,0.00786700423350769,0.0031592532669824504,-0.009653842657183,-0.021901960881065018,-0.014059352567159117,-0.001251847578037697
0.024021033204954516,0.0031015322091985627,-0.011739263093034726,-0.015445360583262591,-0.0020305107923479096,-0.03337794442829862,-0.0018474117501539303,-0.007233249875580493,-0.01140862218628408,-0.013182118196718433
0.008050301814403839,-0.001833060692963805,-0.009255763463019739,-0.029096301208095532,0.0005160499835714011,0.03057761798330478,0.014206616549040164,-0.004343646603775493,-0.007093306335709577,0.00384219231568004
-0.01652610265152625,-0.004779921263139951,0.0008717684723318498,0.009630198278595223,-0.004456344660988513,-0.006695542258080275,-0.010945494938837756,-0.015225485776571597,-0.007496605659955119,-0.0015076253328101864
0.00512991676987968,-0.028009541567324863,-0.006264245689033643,-0.013552076839579584,-0.010663414169868182,-0.022971354136243315,-0.03172991653969598,-0.0042047269837561544,-0.0038789092173468222,-0.013488726404527446
0.001556524813134876,0.005147351032783687,-0.013353710548295608,-0.004724769819145701,0.010034814533262548,-0.02041305540132791,0.0030216728510946817,-0.016097851307703526,0.007456363899417776,0.0007226784322428395
-0.028179377601775035,-0.006873814614994065,-0.02065385293406779,-0.015731687263818833,-0.0047056946461880265,0.012173989594277592,-0.016541865633254008,-0.00965538737810638,-0.0036050009041066165,-0.004073573850233979
0.005216816729155839,0.00483855637053967,-0.0010614468492719086,0.004617164394257237,-0.009303772502998594,-0.04561441519671043,0.0074224060607996556,0.016791829936925257,-0.028058129107815997,-0.0016217592950209284
0.004241677255481748,0.0015581754641174905,-0.011662912875373672,-0.01385065721804747,-0.008272142388026591,0.01694619193545508,-0.01243571719624009,-0.019135929340104243,-0.014931564390809416,-0.012322404083146703
0.010057728630859065,0.03478580659366497,0.024075969069597053,0.008731694426836899,0.007274895448211724,-0.015471932302575809,0.01964901759287777,0.015339938465340576,0.012278798963554634,0.030837117002582765
0.00040797787525761385,-0.016364840379066985,-0.014043762608271197,0.006813472706837076,-0.0038367684795610774,-0.02932129982248985,0.0011733130419444822,-0.016074428937669666,0.019053978261229117,0.00033867124531509574
-0.00776882369718813,0.004831762342362882,-0.003261855478058089,0.0069955176618651796,0.0037062570403877965,-0.016238451897029323,-0.007612170913755191,0.010240548284338822,-0.007309753673610635,-0.004464502416345249
-0.0090566700819988,0.015442592813105583,0.030583406731838163,-0.005069749759809982,0.005995954748432945,0.029415738421609466,0.006029141137378801,0.014534276795969603,-0.00683064951204887,0.009259975423056652
-0.008811165458764874,-0.010621110913177216,-0.004867505957364202,0.01875011331667389,-0.0013664675172570275,-0.002783291316280483,-0.008221774103200689,-0.01665687630681845,-0.006430272058377,-0.011038557928786996
0.0038223421188463306,0.013168680894484612,-0.0060199824498118355,0.013923262436425513,0.017309311137005963,-0.00026404191348368265,-0.015011894063425527,-0.00495017414075414,0.020470597244213986,0.002052684540508892
-0.007113302069812882,0.016114036205605194,0.025696564776362108,0.015388955073388616,0.006245626235605703,0.0029410226289142563,0.007503679435708268,0.002114422732752671,0.03495375762652999,0.008889542278586985
0.009138129648682491,-0.012358474714172816,-0.011659672196522553,-0.015641308147842866,-0.006017226490130331,-0.01122916027159143,-0.020030018606750133,-0.011902570270452903,-0.031012818124369186,-0.005569726835624126
-0.005376256774565441,0.0046209433339984155,0.0055107927299019345,-0.0010626358400235745,0.008368357700630396,-0.0065435683864167316,0.008574251818791062,-0.014773617177460485,0.003816066511697239,0.01288971170140491
-0.012579765294909874,-0.0005065152704690593,0.008677157413460247,0.004075497778532133,0.006086181686831722,0.010145853823321423,0.007287986544878221,0.017217823442397893,0.00845324218898481,0.0010651113920467832
0.013855475686808862,0.025447114803974668,0.009565746575590275,-0.00431940832381922,0.018602068292255424,0.0034856988110450477,-0.010959741669744052,0.019231960160306524,0.0001929211358371976,0.006053493380913892
-0.0014828090087856962,-0.01635067320734503,-0.009432663778442419,-0.013042435994336625,-0.00219572003261751,-0.012645559704064745,-0.003917978046909388,-0.004405776799076882,-0.024176960769141484,-0.0032173100998175866
-0.014223055340027775,-0.013198160606597327,-0.013755577475996459,0.010225858285262991,-0.011486867230628762,-0.014722373485274816,-0.010651698259282404,-0.01693947480581795,-0.000857315560256534,-0.019272335940143256
-0.011971928762398014,0.0005790623310001502,0.0162633166787954,0.02201107618849334,0.0024843469703493366,0.0008969400082637842,0.004880982520046453,0.020566659281072333,-0.007672773852881857,0.005870912771174311
0.015622022746369773,0.008399656948255929,0.00612863490376875,0.012961408212097333,-0.029821784995984042,0.013565152141997303,-0.002717695255531145,-0.01978394168090003,0.01020685088463054,0.010558456128863601
-0.0003948736606329699,0.010920479784370178,0.018857139392148684,0.0159244114488941,0.021289231853164406,0.014325424693796529,0.0027409027571719687,-0.01735320685105878,-0.0007419758373787334,-0.0024385688050707947
0.03283254908409736,0.004325308159285582,0.006164949656912801,0.008595424352108161,0.003040876584265205,0.030968995652503696,-0.002068631808293489,0.006470865875416595,-0.0067409559719969515,-0.00439541819243894
-0.011963823002484539,-0.0097781447293945,-0.01269592811661252,-0.011771872957602262,-0.02112644594899928,-0.005879237138682417,-0.01737621262139266,0.003140857480455873,-0.004852234088539085,-0.013300640254547979
-0.0029250096358724178,-0.0014403943412587608,0.006481994302146338,0.01606249798840203,-0.020458039377079806,0.003679496128768853,0.0007108369963623765,0.011361598347894084,0.005465417736193911,-0.0020628979836312704
-0.002747974889404876,-0.000857553201626811,0.014393101782306664,0.0026508081103433644,0.024672742270577926,0.0011475230466370075,-0.0031835416337644574,-0.015794883544340155,-0.021967071269272213,-0.006322332398628479
0.0003182798057519336,-0.006411950771405079,-0.02396052486106691,0.004644668724223719,-0.01042816881719891,-0.0022566717742589365,0.007267993576958218,0.0045280898660766435,-0.010045791710808574,-0.01034583237905159
-0.02054524538873758,0.02280496039126819,0.02327231300900238,0.003269233649439957,0.011329503625834285,0.014202578142092687,0.013330832647896465,0.011302296175146337,0.020070414251934773,0.01766340878508406
-0.012742936103579903,0.017452110480111232,0.005781378870843195,0.0039125954624389635,0.011779120842636395,0.007313409516291114,0.011554427074562284,0.008952461624266534,-0.0037481309141703108,0.00619173062243799
-0.022167439136290074,-0.016260852036035233,-0.015792407613637448,-0.010330932761899328,-0.009482216292355454,-0.03955200874770528,-0.013844846725592504,-0.010581103559860345,-0.008542046801230368,-0.014897126108148494
0.02161267662973786,0.003987766555868115,0.01823660981727667,0.009499939047805273,-0.0030130558512936416,0.03443484079533353,-0.004139738956411727,0.018860227612176768,0.02035346938360641,0.0017577126759180618
0.014917859773586173,-0.01562008805327922,-0.009885703980145941,-0.003871386323579024,-0.008073572013617051,0.007104828163639729,-0.0013715412697334292,-0.031771632871071515,0.00936930238529781,-0.016799547892886766
0.018986483234235695,0.020040772282250884,0.0006446162403040326,0.0016345032236942082,-0.007563757205469872,0.001935501936320753,0.003990533336698919,0.018424397658366183,0.025870875356001233,0.014561742163457897
-0.0016890171651778104,0.016026709412862338,3.6116259785610996e-05,0.00013464185980574322,0.019486857584472515,0.03518595831411765,-0.00042760245936062215,0.004786948991246291,0.010771243677805447,0.011146384685198418
-0.015500920307457889,-0.008575390623852399,-0.014987964756540682,-0.0056582604977342505,0.0010353694736953418,-0.005338431639899248,-0.009965992211079409,-0.009357050441393329,-0.008534889341799787,-0.00821811124527841
0.0015958456835120781,0.025979304196739272,0.018491873378405094,0.0041007760455263114,0.01498361822000987,0.001145450691448152,0.017250367922723078,0.015018181441325783,0.007828560831282179,0.010556275864247074
-0.019872868025163668,-0.0014437012735302238,-0.005308740392255447,0.0047801122867424705,0.023491647200388512,0.040419310571243976,0.00854427868689898,0.01104396408994961,-0.020822543995683056,0.0005577916819998274
-0.006639701520592359,0.008160524588417106,0.009768723836841978,0.001240526924437859,-0.01766956867857988,0.01832856261157464,-0.0018421064731173032,0.011912253792421786,0.03680275992351975,0.0016500987031073848
-0.025749667588689237,0.026332974044218527,0.035995866244580565,0.03440475567589324,-0.0014639423461578758,0.021458607062276,0.01165783710721566,0.018537002384138048,0.05473744331327375,0.006829152316234188
0.0025698320681263385,0.0001903723801825566,0.007310173272598427,-0.0003801570314516933,0.002136931782576051,-0.008085534087186538,0.00030141717658209395,-0.006431340726252207,0.006684846777736508,-0.0036639332193195225
0.0016724339316548933,-0.010806500227876516,0.0009144900987251769,-0.005569093203922347,-0.025971319587186993,0.01618339478497347,-0.01318005760571513,-0.01558915854685759,-0.014955443533432656,0.0022492875746531775
-0.034660005967610694,0.009659418004128562,-0.0015513677545810174,-0.003653907911896174,-0.0065525266049212645,-0.0011256606165943013,-0.0028641879198742603,-0.00046592682237302013,-0.00023409437950446327,-0.0061445490418281885
-0.006794989155972891,-0.012584281864616558,-0.012306069095857441,0.00642752968766169,0.0016283439340817037,-0.05474566674086313,-0.0011938607750300177,-0.005437816067246586,-0.007522251188095257,-0.00828499457513488
0.015785874429187437,0.006067204274387365,-0.007885807934818738,0.004062425591561146,-0.011868726995257626,-0.023511254858521447,-0.005507522173899702,0.010620419438539122,0.012857203133826317,0.00269610038199176
0.012306058606667477,0.009155859177630224,-0.0010800372446738513,0.007302834154921404,0.011966155815801731,0.015149073739405064,0.012372411039521367,0.01294747996426382,0.008400081452929408,0.00917890786344385
0.0013142125111005654,-0.0017072237098607948,0.0025496218374145823,-0.005507631641461794,-0.005945865145066581,-0.00037136693774673734,-0.003986984109793442,-0.0006333967917201644,-0.023376094956388344,0.003787569511599816
0.00457309476209234,0.006844007925598254,0.01759969465813925,0.01607201273924432,-0.013232846978745825,-0.006981315875367273,0.0006264153813608218,-0.003026389651782081,0.019567608011762824,0.005823963684335665
-0.003432734896226552,-0.013540807471185362,0.006527640135888898,-0.012574465867449612,0.000960722858636112,0.004904983572328995,0.0111064108517874,-0.016060001657912333,-0.04146798917018589,0.001533449820684835
0.033343964655891255,0.03063303924061275,0.02172736563851932,0.005533623096176053,0.01963014453292937,-0.006237891854540366,0.01562169971797783,0.02176795764728739,0.02860889089733824,0.02760512462346569
0.0044356461283058,-0.007019708788379202,-0.0033735454587929567,-0.020112998904627935,-0.00986822166667173,-0.008513072093815553,-0.006195391285598201,-0.00032865127098401383,-0.013546313076057219,0.004675425439171646
0.014413530671054733,0.04039835862653051,0.03356112757102226,0.021345084838211646,0.028479229595759516,0.004203758478089932,0.016738271390048635,0.02446015304273739,0.007001869290901751,0.017238887855627775
-0.0032448179219308963,0.015878556450635958,0.011192851060623343,0.006828145522965281,0.014503888758384936,0.0021334623470722763,0.008276922706420378,0.005545725378222487,0.009856201259638544,0.002013857416848314
-0.038789459144081745,-0.013071520239758756,0.002320129289316551,0.0039546216211829915,0.005749412884594166,0.015043899938591836,-0.006061562810180107,-0.005828730213441159,-0.01622464034151884,-0.008199441331972592
0.003405191908021429,-0.006722429107862118,-0.015184539330955048,-0.012013851561117134,-0.007132953380457577,0.002930700231644199,-0.020033109762266715,-0.03972010390111304,-0.017284558288466697,-0.015044085543248806
-0.004442814120516843,0.006524076986096518,0.0025690122651118247,0.019020571026838073,0.0073210258607314645,0.008500886513480037,0.008978092945153553,-0.00908793615607022,0.019266157005140422,0.003769080705577394
0.008592439120531427,-0.01040646449262585,-0.01716234432045181,0.007331752306990278,0.003095866323292975,-0.016499052662694826,-0.008626997828014855,0.012464754980472663,-0.018258537761688332,0.007973033672042582
-0.008802022817380947,0.015503185272433951,0.006823290300290331,0.011756278205488375,-0.0014122398850393235,0.002310628706774936,0.0061926802079853675,-0.004978090388136976,0.017281786797487778,0.0031089564395335324
-0.000527624633468777,0.0003841208207491294,-0.01734183180780375,0.0017056020185632185,0.03195695900165343,0.016560332907234753,0.003775221539583397,0.0019537365381596954,0.005062726770376286,0.007244427225604628
-0.01687064014324114,0.0073129903615077275,0.006134223011383086,0.007358340887945558,0.004857854789563114,-6.197056006867509e-06,0.0049171099618254555,0.007224190291123832,-0.005254566100620763,-0.0034606839991164016
-0.0027143632345599062,-0.0009805357919384504,-0.02251575589742381,-0.02109488469726826,-0.0036603022142372332,-0.004770853137602289,-0.0053011542387575,-0.0051295996048259795,-0.01065064115391733,0.0021705391436977026
-0.030333529609880013,-0.027662641730077174,-0.020760426472916725,-0.027697355136563986,-0.012248499890742962,0.017685410906401387,-0.011892818149165929,-0.012144004117061093,-0.031276020562486725,-0.015113944307096538
-0.007394128330112344,-0.008336446614536176,0.00646784157343355,0.003011968933639654,-0.016042871947186507,0.0012466627765983262,0.0005155076348363252,0.010366083469387043,0.018126905525293023,-0.008932471506517662
-0.0067880749075500965,0.004149320820390269,0.009608206249720237,0.011334557526717904,0.0176926253986464,0.0047407869025494175,0.0044535392305043615,0.011151849933586483,-0.0032753649301543427,0.01906289849684141
-0.021428731050470405,0.004937526303413784,0.022231290926307663,0.0019359041432404187,-0.0006281096135286125,-0.004371566305728445,0.00040281502537300914,0.02009414171042325,-0.028378715877043912,0.010812799053058713
-0.026423877221425175,-0.019722158406949682,-0.020233201109871472,-0.0023573028832729473,-0.02725482054178812,-0.0005968708448596395,0.0062890474470903195,-0.02965005310151935,-0.008634853188319469,-0.01324457026636008
0.0071895099245798035,0.003161693061714063,-0.0033182049804633997,0.00669352712876592,0.022708574005291728,-0.0018569909160748967,0.007270569176260439,-0.014220894053121455,-0.011326887524933544,0.00444467036980557
0.02329720904536813,0.008666258777041552,0.0025897670695560196,0.0030767927866161464,-0.012016542648138593,0.012938014328445614,0.010276465588890631,-0.0013526228511370282,-0.002595715852433973,0.004946615872549716
-0.010543130917389976,-0.012980661290289606,0.00831585042049475,-0.008549239176743374,-0.010107076790614756,-0.016742146696441085,-0.0010352271830823588,-0.010914911995838236,-0.016913955263401587,0.0009170383638680554
0.021176923250523203,-0.0015185426467600957,-0.015071098189852528,0.012008794483729374,-0.006896192226854029,0.014477793334625299,-0.01439163461155081,0.013369829424864279,-0.01504551861898521,0.005762531884466404
0.0007552022173636997,-0.005429826073761307,-0.0026504884113873347,0.007957312570434881,0.0018131905206233468,0.01036526907438025,0.01639322597109507,-0.018844043615320674,0.02333988648688801,0.001438283706730995
-0.01844308466444141,-0.025755474174213783,-0.016610985648555412,0.0018707510065648395,-0.009140964883843394,0.01770489977527273,-0.020671321044157774,-0.011419884219185331,-0.027702417808824407,-0.006588762850609771
0.014686507772406024,0.0027552231084768176,-0.019273067481559457,0.0049761685751890175,0.007773333933151456,0.009390644382946725,0.012880921058344904,-0.0095039392651764,0.013120456976698088,0.010007571440423883
-0.022047274008685537,0.010990413863574234,0.003134628981103084,0.003478535584307146,0.008102830912280807,-0.004179720612362385,-0.0007690587149241793,0.0066273432857183396,-0.0095310852425884,-0.0013653614076375388
0.015520026946179676,0.008252446748292295,0.02107529113794823,0.012909554432897114,-0.012888442117577803,-0.0038039165732138276,0.018380621182878167,-0.0009289565135229875,0.003985069040758196,0.011584894324557574
0.01684249493945549,0.014186209522710828,0.00882816340684334,0.022774487533605028,0.02793789040422713,0.0237870559769264,0.009280482360521898,0.0009694751131506245,-0.0013704307739093632,0.011697853410776405
-0.0009901535213038398,-0.009829503100304525,-0.011861223363395684,-0.025249684888480475,0.003225277829676532,-0.02599775810862725,-0.01402645688198234,-0.010490360526906937,0.015213599838868117,0.0071991553230668515
0.003969638502207674,-0.014604202082848156,-0.0070883604365737565,0.002975292144490185,-0.010028959126372016,0.023872668004612997,-0.0055797114154484415,-0.002835886941823291,0.0008476019520365817,-0.004635439834787513
0.014825334896812814,0.0036730284747702353,0.002017265277195592,-0.007538328119548919,0.008878202440713648,0.016750887839273344,0.007925307553968579,0.027013014792297285,0.005062583981323933,0.008267996314112642
-0.012553403457390337,0.005287007042343522,0.013764353962855112,0.012911051437458836,0.00018465109145494933,0.002472367737181259,-0.007880245510488862,0.0011724283724618308,0.0174927037673844,0.0077252559294637875
0.010029409611314082,0.00840403769957009,0.007321780322587783,-0.00292200324283627,0.011948993274029483,0.010745189191163532,0.00819920771356909,-0.0009632979422110212,-0.02476138310081304,0.01070864791402343
0.013517680261293222,0.05099280782777881,0.058234571648139256,0.02366963633110701,0.0389820521482924,0.036844041910357256,0.03657373729848269,0.022561483625606088,0.0530751042442565,0.032355443859921326
-0.0020137514696562456,0.009888831084250253,-0.008665354258472225,0.008695125797118574,-0.008133957759762256,-0.018630725006705175,-0.007456848085914981,0.020442889783800326,-0.00307725731858882,0.013637553936816512
-0.001435087764867034,0.005062797862085994,0.005048136579679122,0.02139891302218665,0.006058979427004402,-0.0012760619541020233,0.010535294814551968,0.01846267552538561,0.026439737567831238,0.017619902237565356
0.00011547576430159006,0.005098380536435211,0.00922512354921074,0.009866946296992665,-0.004744887737771921,-0.00937664403756066,0.010544339431747204,0.009604122409429358,0.009686644162838876,0.003610605988234396
0.0003742841690138717,0.0035001114387392517,0.017424204952360255,0.015844962531954724,-0.01725704670729695,-0.010980963053765344,-0.006602914067756216,-0.0011424458638557625,0.005252416440659221,-0.002721048951630626
-0.01446136474880321,-0.01127436317207441,-0.0018633670086967708,-0.0011785242675743657,-0.010533307252782797,0.0009744704069245687,-0.006783060624329002,-0.006237963151241173,0.02064023141423593,0.0055250066927545445
-0.014224302184848986,0.017521249833039283,0.018118287292104872,-0.006305616280308973,0.01503243591965971,0.03115209487039641,-0.0027476810106629255,-0.003440630964255103,0.0215450913692427,0.007935057261514307
0.004045324519486054,-0.008463950593530983,-0.0062390796784352245,-0.019087565118297355,0.00729443327263129,0.014503834601941053,-0.007926156876929399,-0.00802585055508081,-0.028123153462894214,-0.002802005304107907
0.007127487334717915,-0.0034418183705434546,0.007786199535755176,-0.004853771570557337,0.005233245933566781,-0.018563591835420726,-0.0019696637897406687,-0.004196999193539614,0.0012621018386272083,-0.003595653614318265
-0.004140902625357347,-0.0007954573931953878,-0.010172189502353995,-0.019979684710477848,0.01756998768004324,0.020022939841879705,-0.01411204341233797,0.004241287899855074,-0.01116729298202731,-0.001956086370070619
0.004847489042600817,2.1246026698543346e-05,-0.005869698979836341,-0.006324838743470673,-0.010128028283707015,-0.013234083702878895,0.0002446022608286186,-0.007814345518628365,0.010574592003586448,0.009503519822882653
0.004075694612300027,0.036201634411243556,0.035922425823453,0.021781547327547602,0.0168437175765307,0.02844133665996795,0.022594327266595552,0.008431041268620126,0.03398108226471533,0.023752161676968992
-0.020292589718514747,-0.026697758705125234,-0.01807633147555589,-0.015158634922650085,0.00013611362759679115,0.027061623622734815,-0.021178144243108297,-0.03624638315307689,-0.012842547529562263,-0.010280551629316051
0.0005492044329650449,0.020874809295855678,-0.0030222058318138513,0.012500440405685537,-0.0023325273540595456,0.03369943343708241,0.02157280070694948,-0.0022679353401353175,-0.0008952568217416851,0.010709982251629006
-0.013634391094511455,-0.02354725863668821,-0.020857517895306772,-0.03129633322229911,-0.010997345443818625,-0.022430979078523122,-0.016789478447409162,0.0022737002503797604,-0.03213730854380115,-0.007744417208335665
-0.0061620668677171316,-0.00844086050004829,0.001519979438441789,0.0005466918971414388,0.0037013150626552423,0.013181047281156148,-0.006321087862679879,-0.012173363562014598,-0.01912633686281838,-0.008052995959497008
0.047730375546457905,0.02531465313612415,0.0022264306490165555,-0.00578327741254067,0.013292944522883784,0.016786146736042205,0.013269418997676745,0.008364177030486518,0.008746781578320878,0.010867173185776126
0.0018022211594017935,-0.014315039461634028,-0.0009067271768274839,-0.008138519520970174,0.0026753718056815984,0.05068728948122871,0.003578255649873525,-0.002880880774039766,0.01373983754107956,0.003641586483209746
0.0005952567484136279,-0.011057559002002419,0.0053273073749097325,-0.019206891925316775,-0.001577624531517188,-0.022745447174096045,-0.00410306243184006,-0.022277524662214828,-0.015499189549003535,-0.009825257004598313
0.010360983713475784,-0.003519980409738141,-0.02082574591565639,-0.004179367700028962,-0.013116882196004594,-0.025840761600833657,-0.007364615631345973,-0.010805551352542301,0.027372124164946325,-0.0028099957919727123
-0.015743879786545203,0.006464152374805461,0.01903083920454133,0.027099603977209435,-0.013983632738911447,-0.026733893999194548,0.020547411893656903,0.012364058402075011,-0.005383379252692664,0.008806056012969136
-0.0409214463419072,-0.010231504884260771,-0.006263244974397259,0.004837386602639141,-0.016823007016879343,-0.0033913323944594655,-0.013149552193997618,-0.0037911829636484715,-0.018899144132403428,-0.007720495571267155
-0.01274179905114966,0.00828015568853514,0.011331118203678214,-0.0005810606313564558,0.002091054164780062,-0.022662258851623273,-0.0005318619252148225,0.0020263665459095215,0.03875062663936647,-0.004238692569691753
0.021245858402365134,0.008220279736984814,0.0036329945825902842,0.019121563487401558,0.004879247056974382,0.0070030104795025475,6.503614169882915e-05,0.01646933408749429,0.01599096189191738,-0.002820524252825146
-0.02184632852291277,-0.010537273461813048,-0.015795500902525895,-0.004968858304467761,0.010372200131537342,-0.011963110629249069,-0.005459589310077177,-0.00549317301153548,0.006049385664119764,-0.01757240352018973
0.002809185095395414,0.033492841246732276,0.040218967274047335,0.010448889104651528,-0.0074400004354556746,0.02521150358874126,0.012285947364257851,0.007291828613767684,0.011651029626051074,0.016295543441828444
-0.005024044742057315,-0.005844450262567664,0.01725583225470676,0.018235475277452895,0.012199329943522791,-0.014593050957232404,0.003610531688924315,0.006859687561585683,0.014563212505164298,0.00920635387762395
-0.020701726700053227,-0.028705938746169977,-0.0223007834155084,0.0011930585543957497,-0.005303423324594732,-0.0004390093766135999,-0.015493615879886185,-0.002374412725583801,-0.012842713720700264,-0.020545697128181273
0.021117157828613467,0.008170810755558582,-0.001279519830890915,-0.0033648333464088333,0.004945465315286338,0.009207782484325848,0.0032001505292573477,0.006315001021097686,0.025684077303268923,0.007962829988934089
-0.0004925496417793053,-0.0025712201147455923,-0.01811244198203678,-0.00019828586158352138,0.01707426863395287,-0.008018576147791744,-0.011976056592280916,-0.0146255717973621,-0.020957922464996847,-0.009323615582445967
-0.000565535469859256,0.003041432649297343,0.011897516673930703,0.015881464227079194,-0.004774275340408696,0.03147796351045028,0.011062699682198265,0.02228413924045702,-0.0008501783677281425,0.011995951854274526
-0.019357137299832426,-0.004855056275489974,-0.008554860827443877,0.0005006363648820427,-0.01916147103536984,-0.02027088373007272,-0.0014756497693011405,-0.01973177485251291,-0.0006132277409151203,-0.013675676756102857
0.011677754696023552,-0.009947794641231293,0.0040457720621713475,0.006088415046221162,-0.008870404023887998,0.009143315668633453,0.0012827382074951529,-0.007579873475706885,-0.014733845291613758,-0.011705199187452775
0.007835967660277967,-0.00319507606439235,0.008015998874219348,0.0011716835945505474,0.011647300205804668,-0.0014541068322720353,0.0015505842494101657,0.014926010409194383,0.009699338809007063,0.006179898943044346
0.011409982294347872,0.002315202744602085,0.01902880879268004,0.012934698159569548,-0.00597325299401546,0.001983913672396483,0.006771736477056741,0.007608425394820925,0.013044860865568594,0.015387483985872858
0.009338324261295652,-0.02646978320675412,-0.009764097335117704,0.005737006148222394,-0.003441294185286916,0.010263594219731753,0.006558259686381479,0.0011613041120047084,-0.00738370292858011,-0.0031602516755809976
0.0005626442473633792,-0.004267050765403741,-0.007361267527936143,0.014365372058817775,-0.01180936004649695,0.023585914421749055,0.0014295002240022985,-0.020771454718388826,0.002328336825937576,-0.014226781229486191
0.006645647846957066,-0.00022255942663437488,-0.011493160385002227,-0.0017470719079007264,0.02006338716237499,-0.011568635710089861,-0.01216255655668439,0.014416590063015584,0.023167131453699523,-0.0033536233293129606
0.011188999334889616,0.00039122936000010594,-0.015278552792961713,-0.009407948534375637,0.010282691993014919,0.023968078355766,-0.0006308236743886896,-0.0174340972394534,0.021844541601740434,-0.007810913987681957
0.004688982847363967,0.02885887110101881,0.03849785952977892,0.02187832750456328,0.017112158285873227,0.020000479611772322,0.01466966664555678,0.025633992302780143,-0.018332515177637215,0.012662317058391154
0.005779500580701952,-0.0017303095994986779,0.009413497518614427,0.0010782936057023085,0.02371034897607066,0.02932161883653368,-0.0003438978009590799,0.002678868841996842,0.003087800830393164,0.001014568423768251
-0.003549126374340507,-0.023431617489759804,-0.027015382851341533,-0.0021066855563985467,-0.000980323017775557,-0.021949059795928323,-0.0028588657182348873,-0.020504092888062132,-0.007894791378249048,-0.00491995240722611
0.004551511024233898,0.017197236953738648,0.007777550971424895,0.004815752212687624,0.0039830276104000075,-0.006090714549164887,0.006091738653495619,-0.009836064618558649,0.0020741464322027977,0.006022753992544049
0.007665368544443856,0.029961270345433225,0.028089829443905878,0.02048835573987587,0.024986998444161603,0.003763782280356571,0.007570790783505001,0.008945353668285473,0.013352368736966597,0.015169537316455203
-0.005292175058444659,0.006464006226030855,0.00987040193990766,0.009598267213833236,0.014247786895916714,-0.0021339310285348884,0.005124793545826508,-0.0007548696904941303,0.009525883379295772,0.0037191039607421847
0.00046589933366406527,-0.03451917673099012,-0.023226042347345814,-0.007323352816518865,-0.008020242659964691,0.03496170270204313,-0.009299493116766927,-0.027888435748457233,-0.015144884104916158,-0.021757311183487588
-0.003413758047200446,-0.012545891989985245,0.0025290032412621294,-0.008877585487029622,-0.0045218523719327336,-0.013810039978286061,0.010131120625875949,-0.008599874579567396,0.021274938263865967,0.001189852030930821
0.013679801521928684,0.021717943413229936,0.020968335039845586,-0.010867581081385769,0.005498251835376987,0.023000281431737664,0.009921329886602296,-0.004435680467385316,0.011419661697346744,0.020115272873405695
0.014243971699664338,-0.010361575199774434,-0.00010983353413576949,-0.008548190899523791,-0.024838287895525415,-0.020184204240479158,0.006927319176888868,-0.010288833492918138,-0.009634327453603996,-0.006924163098008332
0.029556726385161092,0.018535995094986712,0.027123409624906038,0.0018317152624149323,0.006688983409085143,-0.022250202028877907,0.015500865142015811,-0.009852046089325276,0.007486791908079117,-0.0023562072910011823
-0.004066391404657096,0.00592850130358445,0.00501116314564791,0.00019916139583641405,-0.0010480222474015647,0.019437657753185032,-0.002480328224269463,0.011188439830521086,0.02447245643143548,0.003588804825110818
-0.014754145986334625,-0.014779731276881664,-0.0008896371398805356,-0.0042261822872980154,-0.012447770825094151,0.0019460211399873813,-0.016144476358629447,-0.0003898337355747404,-0.0026240259825512243,-0.008704424782923648
-0.011949359942324567,-0.006683386137377676,0.00461740337355825,0.012814116948083964,-0.007789844030347387,0.007446245667821431,-0.017041498380928565,-0.007596066665838409,-0.0006455887151946307,-0.0052699975692084835
-0.029901313062597315,-0.05189958725231006,-0.04005382879423973,-0.02471544971059284,-0.04844036993781722,-0.05756891185105252,-0.030796359580349274,-0.026949819076944867,-0.06801883617831807,-0.028109463649951445
-0.012544020572591408,-0.00473063130212572,-0.01686892014998623,-0.00293801724063237,-0.005149490418233377,-0.04258418969157645,-0.0019734260088480953,-0.007312560738533949,-0.002148354186346376,0.01464479446498744
-0.030613137308044987,0.009000013742550269,-0.005669409584434116,0.0015559613979328377,-0.0020985780206845364,-0.008681348559934823,-0.006463901401789454,0.0020474768543654568,-0.023081155805284956,0.0026607027377014113
-0.012146668015571618,-0.025875914921568124,-0.02045529461802321,0.0046453344221650235,-0.01468421922044644,-0.002351003175169695,-0.01575603944608352,-0.002704415949228913,-0.0017690969362222657,0.0010414787043709704
0.006258786827504207,0.029217632933038966,0.0230638281643203,0.025568496088166373,0.002780865220779079,0.02381780078466674,0.01169514906697442,0.016358652832375788,0.016827716885428414,0.014736294995625846
-0.008843149575517016,-0.019018669813271813,-0.0038568445000389394,0.0004947228979758115,0.0007030492565995227,-0.017254130775722545,-0.01848814298320706,-0.0020637658113627404,-0.0008227081206049266,-0.0025430205082419307
-0.010604099863387853,-0.007616024240247878,-0.020852461481745355,-0.006914297687591254,0.008962515287422902,-0.01067157732351862,0.0017049141175962564,-0.006484878117081936,0.0007394000421322008,-0.009636649207523234
0.002138513195055785,-0.018812302070379976,0.00038134929992085265,-0.015841734304489298,0.015334070439028487,0.014098945057351731,0.004905788705812475,0.021123580814302868,-0.011617985875623005,0.011371988691970616
0.020969280737573592,0.01998795720495404,0.0302515184181471,-0.001004806795067065,0.00022625536955868706,-0.00019857446685287447,0.007485328837010242,0.0017834480804647323,0.03075631938078097,0.010312372876277657
-0.002227317049781264,-0.02467075804359429,-0.03582045116185923,-0.007054376818412008,-0.03227076550922002,-0.01080186616552346,-0.022364401304568023,0.010997647072439153,-0.000385617864902238,-0.01037527715696137
0.024221638404845494,0.01157532617951508,0.020990303167137434,0.010722229672202589,0.011219423249443253,0.029458599588047123,0.01533424023683717,0.016036758892201155,-0.011799635935311295,0.0041173699103015625
-0.0014366541349123707,0.0012929374605434494,-0.01007461592693181,0.025723935551832704,0.018187876490080534,0.010334455076898523,0.0007814744389635824,-0.0021465878471965028,-0.012782735254275498,0.0009055836153783127
-0.001205403532149036,-0.0227540791666118,-0.009549942347287328,-0.008281716716282247,-0.02912020781350676,-0.020980506051730366,-0.011077294129969778,0.01438754575195984,-0.001078256663824446,-0.01499066632600669
0.009546377188548566,-0.003701320832038912,0.016708052543014957,-0.00131344752434674,0.0022043935475333206,0.025564171889333725,-0.00645134532178024,-0.01258037967373144,-0.0034569914672456905,0.009954917525297065
-0.02025488483578127,-0.01668051896628684,-0.0011876951427037257,0.007548199105535973,0.01573200526783288,-0.006247973581775302,-0.0015652440310557807,0.01715648360374132,-0.02376806892038521,-0.0002550607823929475
-0.00017502937334682543,-0.0051563188770687,-0.012387840955821546,-0.003574643024684044,-0.033394429088715614,-0.014983365910784098,-0.001078113669681135,-0.0181927020813204,-0.004434177492045453,-0.0018201381199026451
-0.004243396927541547,0.0027153120445937485,-0.007709650008901007,-0.0013317827924693051,0.007863935529719285,0.003273064142886657,-0.004004768803215729,0.004012350786266506,0.010914190777222034,-0.010742492201487435
0.014677045860256288,-0.007568332567749677,-0.0007492663174361288,0.010160342410062865,-0.018706813357124895,-0.014373598019025048,-0.005282598889975777,-0.01346631878995821,0.020841243565437602,-0.0075463061580094805
-0.007035657729922058,0.0035984987487382328,-0.009373419802557703,-0.0030047464411958984,0.004695376922181854,-0.00464643137717576,0.00028954998415763966,-0.005119925831139238,-0.01963190042585823,0.003113449463541504
0.0285778442282789,0.010343521613256907,0.01132877520351349,0.012326500709515775,-0.010353225865029153,0.03325160574182151,0.007066008355391855,0.027978336867836913,-0.0036679165248971425,0.015979255386707844
0.01949636813276657,0.027715689039355597,0.023721219076560836,0.009028867347209353,0.02519182120311195,0.013356215542180028,-0.002848281569451338,0.0024959111889054117,0.012540555989224857,0.014698244875391767
-0.0069963594129638556,-0.009069048174955867,-0.03440595278916357,-0.006970963723584802,-0.029804110139157614,0.004449289822740969,-0.010587009190365312,-0.006903405142789619,-0.023191381454224242,-0.00212192812715464
0.026123414142569818,0.03597268767692885,0.02759909101036922,0.0216197445499718,0.006335611488629775,0.029093848438770196,0.030465764703412192,0.03591609225491685,0.010087724947868627,0.01931931700118632
-0.0282463440231261,-0.02415401959500538,-0.02139001495047075,-0.03319054358633472,-0.02690415485268375,-0.017928660565697887,-0.017981687048418394,-0.03493437988538877,-0.012450495362027058,-0.013629674642399631
-0.0032946612431050165,-0.0071111999573457,0.008209496503124074,0.016632444383289428,-0.00659837681209522,-0.011145624178048551,0.0028297713048047214,-0.005660769519507728,-0.003009807618816618,0.003395884799851924
-0.02375795197372157,0.018477956138912306,0.008913687914270888,0.00021148042333955604,0.003117074995646038,0.003552637395217615,-0.008986410254253835,0.02548121080528772,0.006397095665066147,0.007561841334787238
0.015203492218042014,-0.002631887820996442,0.008579046757807957,-0.0004679293401552458,0.012104935053624881,-0.03360714572034142,0.0015908192374744256,-0.004338017704499355,0.008961633515038732,0.005284245704564091
-0.013024434854722156,-0.013723863416065534,-0.008942597620244137,-0.013506912452197553,0.0058866574970598586,-0.010287584073860524,-0.028126460223470644,-0.01069998935078291,-0.019884217603643214,-0.013836731626204786
-0.018377615367159317,-0.0018029542289537427,0.010085221726183681,0.0021439321927271614,-0.00843825881051782,0.006389077160231999,-0.005221049639504124,-0.010517088995077268,-0.017628871217533256,-0.011243236461028863
-0.00784492813651477,-0.00564540376515896,-0.007082696768038937,-0.0075381258767224105,-0.0143976221730048,0.006998142470279639,-0.014372298610435857,0.0052604554186327784,-0.018171056189953558,-0.007803978121917904
-0.023614102917246894,-0.011738993457482258,0.0016903972686510855,0.0015529250216760463,0.0077295163134055095,0.004894971841678729,-0.013440644971996674,-0.009798577080967699,-0.01598612509540369,0.0032999641540259147
-0.012295109369591316,0.019307139212026828,0.020091102963227494,0.025594157868903976,0.0011040873449170473,0.017919701199934874,0.025198142365428777,0.001300424892964199,-0.013057633907914657,-0.0036044304009477126
0.012213067223448327,-0.007627977906431479,0.0016566635983414346,0.007472413246084324,0.004789300922822991,0.009740218264848527,0.004771733919557672,0.020363891328960586,-0.009556439333498982,-0.0006486366550616372
-0.014311969864582955,-0.003816801711658701,-0.00039213295352648325,0.00013940003748180507,0.009451784239657661,-0.024337722511003468,0.007880196492902145,0.012711554282132654,0.004097917359357748,0.005051200362490014
-0.018554268104868838,0.00998399281169544,0.005480708043860035,0.014319899189040057,-0.00613866474420616,0.01901928440614278,0.018315778412544764,0.01850365163481085,0.01266445095501448,0.0018734518202290023
-0.010156908351692622,0.01386011866371329,0.011799372059869544,0.0021189515252682018,-0.00269083541433199,-0.031725777438510086,-0.00596691337783519,0.027896400311291897,-0.014576377298830667,0.0038940927325558762
0.018764782733246315,0.0035282026351681445,0.01295670408398953,0.015973622847253136,0.00585270942410038,0.05384256636894121,-0.006680015186707445,0.022236490015793208,0.005516311341288228,0.011212271905872581
0.009784327802136802,0.004535419290564923,0.01093072376645244,-0.014674914376064581,0.011598457774974567,0.009467704941854643,0.010293130779492463,0.020351037376914623,0.011313090071131517,0.00620866522253734
-0.016557408304630334,-0.01675655379452548,0.0004810601897217437,0.0095091620361756,-0.008309365030712432,-0.004731173977180805,-0.013776383104711297,0.006861154358140222,0.001854791724889904,0.004882621382778726
-0.015119082732718512,-0.010434856790191235,-0.004899828540544192,0.00313425892304973,-0.006210777965971727,-0.0183121310880191,0.002664968151016315,0.0038741456055173935,-0.01760371569128833,0.0036725405716884676
0.020730946242992754,0.01241731358818339,0.01109685687816194,0.011477801264907392,-0.004945827101804974,0.005773293336084309,-0.01107525187195509,0.01924724311739641,-0.014378424592243004,0.014860650012664471
-0.001253065489145407,0.007950949811949718,0.0026361252092037403,0.0016642783528468606,0.02112096456694636,-0.037405860858616254,0.015241563513271519,0.010998746140242944,-0.01073220508744615,-0.0009131360978150135
0.023908559622188238,-0.006532869340431742,-0.010706634420180102,0.012127175659122542,0.0040287166255798595,-0.01571662175441082,0.0016870737960139467,-0.012808643716697888,0.01543190114515417,0.006264221143784517
0.008403278198109085,0.004769940260551626,0.01847988357175975,0.001171940104320245,-0.013032255484064873,0.008505329675559035,0.017744998633801676,-0.011252371272646515,-0.0035854782608836285,0.0036839490229778385
0.006136889570489389,0.012293910220099496,0.02794241027262396,0.03379058969139305,0.011196248079344993,-0.006274114450289252,-0.0019853504617760136,0.016819205566127243,0.027576262378776896,0.013199400802193346
-0.0028638940353946135,-0.012394635328665452,-0.01773641643184044,0.004886541174106598,0.006948941269317821,-0.029814124745406522,0.008076498756432347,0.0016827685862763932,0.014262403014743815,-0.011943230742451948
-0.016266452542058805,0.0074655729183944475,0.012399765199876607,0.023090227062505752,0.012253369551200925,-0.0001703329722142543,-0.0036827096677503044,0.021690518729147113,-0.007957017566245343,0.013989011257118364
-0.0048347143638152925,0.008789292877080598,0.0040685450561353115,-0.002538660196263803,-0.007366390815623111,-0.006939025339046348,0.0019215523926315434,-0.000644581358168357,-0.009789673327509966,-0.00216013991639575
0.0002306503515224568,-0.017817282259025045,0.0017909314208360149,-0.011493758184105796,-0.014978463716277353,-0.029634900386532877,-0.015969812733329904,-0.019016735971208062,-0.01153384308738387,0.009788113002391973
-0.0014859354431624168,0.017891991182858887,0.018790753220964837,0.009542065828747358,0.006737130494622676,-0.012382719399872207,0.020560381653845307,0.03468208140368567,-0.012785324200138646,0.003243430455103553
0.0005797123425187418,0.005772266471791536,0.0161380516738377,-0.0014243013359785278,0.031426838846122886,0.025777925391136745,0.008461132467159207,0.02196158446455823,0.02338964752043509,0.0037014923683885495
-0.007087338407479353,0.012992366488324854,0.01931636321765759,0.00759390905301229,-0.012964174557037642,-0.007747539690232783,0.006074400648394366,0.00782098686032949,0.03531306026590481,-0.0010756810617610802
0.014214076120448046,0.030231044914877835,0.03909868091010475,0.005394575622022093,0.014882528509741878,0.018643332680807232,0.012185342792884754,0.012567778393785582,0.01856084025097784,-0.003713030790170937
0.010029399119048274,0.0016839284220280957,-0.0014146355229537773,0.021971776055851586,-0.007686310410911168,-0.006456724594658573,0.016214836426263805,-0.009916716515295155,-0.007102830776644527,-0.00028815044445698894
0.015719717283896057,0.011978199781565084,-0.002648200645269722,-0.00038805552694393613,-0.002379580988522921,0.0035273083165869557,0.009012452819189904,0.012751693202108009,-0.017966214583607115,0.011840052069983608
0.0022154843448378516,0.0057393101451131655,0.0004262151111921618,0.009688167360575473,0.003571317494473599,0.020628511117690453,0.001803386698495266,-0.003977855193813182,0.0290044555520667,0.002992935770802584
0.010071805691675501,-0.003806832663958725,-0.0073749924445467106,0.005720801270793874,0.0040957783271100496,-0.007925761675476877,0.00385748791985728,0.02396542078770945,0.013018008908773412,-0.003551919616965234
-0.0020086376297344926,-0.007141850491398165,-0.004978750392997997,-0.004928669775690064,-0.006380765494401074,-0.02178521439005604,-0.001944044778260732,-0.008014473345450482,-0.04155138039796979,0.011048780351136595
0.0161911132417422,-0.0007628392697225479,0.0018617766929298592,-0.011266609844280942,0.02090288914353007,0.03265729820551464,0.0021560990509296545,0.014453116659099962,0.0036784655869407973,-0.0064643095483591885
-0.0024906354123636733,0.01016424443035006,0.004058279716626304,0.0022841400021906097,0.003138069940887991,0.0028727774865895117,0.0053275498645725785,-0.006938639737653479,-0.004069660682075618,-0.002225678521919429
0.009853552908636052,-0.026480927738225756,0.000313656695087081,0.009061287251116639,-0.008994560816912365,-0.04910385466436222,-0.009345959436791501,-0.008754305016545475,-0.021318308625120026,-0.009025845020293435
0.032837251188415004,0.0359524270985853,0.01959824040310048,-0.0015231301919969025,0.01055659798120123,0.010880565937881016,0.020918261265727642,0.01508258574180324,0.026943139874125402,0.0279629076400025
0.006574650580225949,-0.014648326192324607,-0.014730155793431576,-0.010570228949236569,0.007283157571550074,-0.017237609146994074,-0.007606022923486684,-0.009211851987714428,-0.0160029678266143,-0.015395275253332985
-0.0014919958096511793,-0.017799857373147064,-0.0110922282507198,-0.01391004038254303,0.006339572096492193,-0.022845616284650934,0.004046160512473199,-0.0342146111802598,-0.004937812161084288,-0.006515372406244609
-0.005000482082017757,0.020513446472849257,0.027828622012856533,-0.014677321649641807,0.014011722823357635,-0.033754219055400644,0.00171665713799624,0.03302671970549664,0.0030546501464191163,0.002859231783550085
0.001564769047700225,0.026783448926492977,-0.0062439048487069925,-0.005055160727287423,0.023291324437286157,0.03674051643273249,0.005663175573807593,-0.007193632240834891,0.036821647922477364,0.01573024452390123
0.013124857177131355,0.003892395557180993,0.008248834551417273,0.003102265319576146,0.008335438956316986,0.02877203971292579,0.012173701766445756,-0.006855060188908226,0.02527123006484772,0.007105284350544073
0.01326196225958253,0.020117704259221048,-0.0016638934935437055,0.00443940943704701,-0.0018463557708876255,-0.021848440745525437,0.00794863673824068,0.038816197328010754,-0.01935544099964191,0.005170987030704233
0.009267546657712141,0.0011731900128631905,-0.0008317702365137167,-0.013383606502574915,0.002835345308610138,-0.012618010322908565,-0.017483918042615964,0.015508438863199745,0.013534667748394631,0.0005806289853188726
-0.0011733774774847702,-0.005089043111856765,-0.009457809528779004,0.003436020423104315,-0.009477798412200629,0.016042511060415033,-0.004528149120368538,-0.006281118819914658,-0.02565781724294051,-0.005081391478298856
-0.0111508421322198,-0.0029324170664655016,-0.006247142703191412,-0.010311142675647393,0.025838785778888908,0.023017176306499052,0.016086428868978674,-0.014324013558206602,0.0020363479512407984,-0.006385780786582766
-0.013138801076734822,-0.015985112069388088,0.002999993725947367,-0.00864282423902456,0.008196082695025076,0.005670366584806625,0.013095050603652897,-0.025301726387417747,0.01151565911771826,0.0015563223692122102
-0.008474225905230044,0.02195666719625331,0.01653947779997585,0.004898162002456891,-0.0029452438441650857,-0.005238549037790054,0.024354024747569817,0.01044775367275809,0.02028885390850758,0.0035930995649265207
-0.011572335848439008,0.0059925524029193645,-0.01422861075854034,-0.005065929909986902,-0.0004373462192045322,0.001025970385915908,-0.002491334067319009,0.003971751831329331,0.008591098500327443,0.0034047191609507302
-0.01802411711257497,-0.013669122766564772,0.0006029888829231316,0.003848828832298421,-0.02172213561809206,0.00041791576834226583,-0.022331885735616466,-0.0074161575034181115,0.019000073519281596,-0.01154825904673816
-0.013252128596190802,0.0011750144387882916,-0.018364310091311314,-0.00859092828855373,0.005033607737676423,-0.012675786770062184,-0.004348092489986085,0.006614265739480017,0.003198987700480895,-0.0006396700495956094
-0.0024085324493254064,0.009174630232672858,0.004733991345170529,0.008085801299244688,-0.0029063196294977396,-7.868643232508982e-05,-0.004470615577381146,0.004232942264124305,-0.007072995099520158,-0.0026959879854082905
0.0009823977553929954,-0.006297119749140137,0.00022654551540578766,-0.008201014295724238,0.0011505667743149034,0.005550961852633061,-0.0008544634773384605,-0.015827294935747846,-0.0028390629283646697,-0.0020027054152485534
-0.003928761019818279,-0.026403763526163918,-0.00905707668345394,0.017703925386142825,-0.009706939384341568,-0.01767210847452972,-0.003504448723235707,-0.004007860370637316,0.009240385144839902,-0.013288186539638737
0.011887772018234495,0.008249782150071305,0.0023061469569926577,0.005630010949875213,0.014013784974781413,0.016463160108824818,-0.007055492456820406,0.013370765533563969,0.0017131967271920444,0.002726499228397389
0.0025628458503879105,0.003015488923652608,0.014837638629906082,0.0012058002972205656,-0.011423950719137679,-0.004765991622092118,0.003522041424264504,0.018584423686971316,0.010998104352731894,-0.002523816189221449
0.032845257731883244,-0.005093427447184432,0.005604002916914006,-0.004863998974384447,0.0030214756751936727,0.010782225159261853,0.005785779022022756,0.008694407141552545,0.0077275324812597305,-0.005422825383232124
-0.010308433605737093,-0.004084564602100942,0.0028712482908538678,-0.005353475684542558,0.009563504935810626,0.02131478075692299,-0.0109911391385364,-0.015020730114647676,-0.005998650764941249,-0.0015913689325536742
-0.0059793707161278605,0.01348158358894338,0.0074633971608267,0.0024064594945748855,-0.01525809426219019,-0.020328045767182955,0.004236176014646319,-0.024288372727479066,0.016564728201602333,0.0013183118632764663
0.03869121566885704,-0.004436565209739506,-0.02060448162881271,-0.011091860042936686,0.002077737120306927,0.018841340032610312,-0.024619089688069855,-0.037103981056754415,-0.02179261512664064,-0.00775472231889582
-3.2651002210284245e-05,-0.012620907433623077,-0.029616615740307023,-0.03399537187923815,0.000725756822234637,-0.023351451538048233,-0.027334210696813292,-0.012132334753646726,-0.0017621315881850023,-0.011448364212523241
-0.00998157300582384,-0.011210458623705993,-0.012656929952735086,-0.01892662671406814,-0.013198694080859602,0.0039983638829943395,-0.0030829442027264986,-0.004779201777711708,-0.020173908418717214,-0.006335290266045875
-0.0317273352199778,-0.0013913656869555303,0.010954522243650304,-0.016652651286105068,-0.008230927253410958,0.0042253252113529614,0.008423211865524785,-0.007439354046187723,-0.01126150344479421,-0.01252210213291657
0.003334877054802638,0.019533582919895116,0.007137686719884482,0.0023203521673657444,0.00609604553301622,0.0021010564902018847,-0.003876453257211391,0.014099298588031318,0.006372907421126386,0.0029435586912033
-0.005898246295844645,0.03141170207690578,0.026287426890462026,0.005045862104396684,0.02208441244509525,0.001896984618391194,0.0057364699879892565,0.005906780003907019,-0.0105034901891971,0.014742939316218754
-0.021246934748937914,0.004374484276435425,-0.007652898877438521,0.005545570092749347,0.004230192850308034,0.0005424910872763325,-0.0013146255102196459,-0.005667820646917227,0.014781703545348168,0.004032921768288371
0.003902463789846369,-0.008149211270361814,-3.953021147689808e-05,0.012878619039415123,0.006012725038671825,-0.007849959652859633,0.0008932734435854995,-0.004252210599853205,-0.0010406671914355086,-0.002737178001476424
-0.0021790899830190437,0.001705017184049848,-0.009180442406325434,-0.010458079221816005,-0.01640905127543284,-0.026816331381316567,-0.009762007979871147,0.002278929868311927,-0.012234217141178866,0.003158703631624557
-0.00447703201685122,-0.028217427032888726,-0.006820239065372764,0.0017077331563729228,-0.018441465446067968,0.00036088911199642335,-0.014787326027801782,-0.008585279731023548,-0.026561677682988387,-0.01776396572517789
-0.005274063500122902,-0.000669376844560708,-0.0035849777242699765,-0.012219319973117992,-0.004699044422206005,0.00455400845858597,-0.0003845815826494438,0.0025769857842285614,-0.009137452359724347,0.006911738988912725
-0.01792843866089335,-0.0003047595424871859,0.007635289619593767,0.0033305711057586705,-0.004203838664920239,-0.01067388570436261,0.0060853500869303915,-0.020602592809323445,-0.015821051285328448,-0.004165511897482364
0.019477038133399748,0.007917424621463958,-0.004389532326394523,-0.0006184981545353184,-0.004911447745590394,-0.009540712772995747,0.010544998932846262,-0.013686129350740197,0.025687888086324325,0.00765489493630463
0.011409391439915723,-0.014962619273682275,-0.012036349528605066,-0.02059476733283545,-0.011690413324413155,0.002791427265128605,0.003832455260818306,-0.022106488383069882,-0.01244438688246571,-0.007023978020525569
-0.016835757495374002,0.012308301341944853,0.0005201918121238589,0.0019882664403925885,-0.001648113346687532,-0.009531601521767534,0.004243712088887613,0.0030273513143413166,1.677015714505171e-05,0.0003425817373297729
0.012759171941889658,0.03473829420751404,0.022128110186992747,0.02171244879043581,-0.0058486829505837775,0.013284069206865005,0.0036765904226118517,-0.002623598498551987,0.004357657012237469,0.01930066586608039
0.013152755744101803,0.0006050981979832256,-0.01543642581264381,-0.002495327056231335,0.002993298428606735,0.002364209613830121,-0.01549278810492577,-0.011987126876945503,-0.0015629366171848293,0.0025778056024669924
-0.028795181588750444,0.005235236536927442,0.007087483693454458,0.01211805425790808,0.011105539407449664,0.012681885357498061,-0.0030416409217252486,-0.01969437963061069,-0.0013738380914257017,0.009267741537115666
0.0235987090892707,0.015664284324254044,0.013616718875902751,0.009240109429113906,-0.001717048253330753,0.002696768263752319,0.019018051966191822,-0.004464461429775902,0.029195379727045303,0.004009333520148077
0.01695282711905334,-0.015394999423535283,0.0005438175853885094,-0.010251304603692743,-0.019331463142563985,0.0010869243735729872,0.004967283615706478,-0.014407239117845602,-0.02421437140809155,-0.0033145614887001456
0.0001767667316407936,0.007663149654205035,0.01228795880055033,0.0013121740493822606,0.023661433033158884,0.005455985624518923,-0.0008442370435660272,-0.017745815755156758,-0.0012184827727839858,0.00023999963442023034
0.01393037315618491,0.0039455051757550895,-0.010504457176910979,0.002237047439290734,0.008199899610699054,0.025885214014605556,0.007320195796239206,0.01024854844675679,0.0012921675085052358,0.00269498259641259
0.018473525031750933,-0.007536564637520785,-0.0015842235139380163,-0.007073190961335981,0.005317958429806355,0.02147014474132414,-0.003864087248146852,-0.028941761637639382,-0.004473453809690206,0.006359907923848576
0.003848052674285223,-0.007845389717672631,-0.012534059081822379,-0.018590962179453684,0.0009934594559750558,-0.01911766530051482,0.011368448718100624,-0.00022184416863624832,-0.014926589389599369,-0.009215962328352926
-0.0009403315467749915,-0.0008580821373764582,0.011197705629901945,0.0024705763732486515,-0.008333763885012807,0.03204703360652688,0.0007145799933802904,0.010472296010306793,-0.007877098847135005,0.002645741872498362
0.007253171119207058,-0.0056017519167948235,0.025935992294749122,0.017432765553447978,-0.0011453253620634376,-0.01492774366043322,0.006907138270715993,0.006651972615890047,0.009920413018008783,0.005414906346926783
0.014981624827223596,0.03207567097279936,0.025058494479789084,-0.0003400564814990824,0.026190841428685024,0.037605218243131566,0.036994973363688864,0.0010335978965516775,0.017237019283209476,3.891444865495531e-06
0.0130860656964958,0.01069264197324411,0.03122062601395219,-0.0009571907087660741,-0.013298744960257814,-0.0011885952183399338,-0.00795614092675197,0.01982577531064633,-0.019395871785279937,0.008135375242303306
-0.01799983669405042,0.02985844411816906,0.044501171559935125,0.019462578014272234,0.004618672294371417,0.01435382294204754,0.017584083151148445,0.028520139912733923,0.0014264287236706408,0.02079554736233747
-0.04208718226411393,-0.015266429886086189,-0.014412736617975512,0.0015203824698489725,-0.004801586760117174,-0.02866372014382594,-0.013923224977761993,-0.0048910514506171916,-0.007908757771258712,-0.008987377349860262
-0.0020261801146093613,0.018240120113752048,0.0071588901192939265,0.005628789181304675,0.0318044344740091,-0.017762157551561956,-0.007666875791084368,0.01934781247991982,-0.0009537911297840432,0.005472362498500787
-0.009870807657567432,0.0013326393547217238,0.017833480524090818,0.01006416140981055,0.011622110537982086,-0.022345581536398974,-0.007605849685008552,-0.03376939414451822,-0.009190146263663565,0.007283989206544466
0.018978751483405935,0.03109735236257997,0.029361440561589226,0.00870813776294681,0.01751759070347663,0.027977239424068205,0.004815366338588973,0.026696192702870835,0.03369619974469974,0.015344862810693184
0.005976329034819843,0.008561707036548492,-0.011356275235905702,-0.001290435736515894,-0.014088142718639146,-0.002320582476295356,-0.002697522047459123,-0.005359486884869208,-0.021352161647923435,-0.0048366698439900385
0.016609066301854228,-0.008680960521554277,-0.0017704872285461068,-0.00812974569239357,0.0033165803335904564,-0.0008908440401034941,-0.0142327971101189,-0.004109111052878548,-0.02125621646086663,-0.009866259504808796
-0.00018627149508421934,-0.006222068190294029,-0.018751346450428325,0.007131786558604563,0.0028487535541870286,-0.015757558144890733,-0.016990489968675113,-0.007538090994727883,-0.01143803576068829,-0.0037148066446918196
-0.01595504877775666,-0.04497676969640453,-0.03155043158861791,-0.01799747978909683,-0.006815632142226274,-0.026066543740793573,-0.003536849983894517,-0.04562196140617209,-0.001245935991397674,-0.01769954333310486
0.009699833674449631,-0.006681854462607673,0.004078916935205702,-0.0074712247252038495,-0.016431140673446944,0.020402073006856983,-0.005012400409857118,-0.0021244506139731587,0.012586733182263088,-0.00965549532050413
0.004740636051072674,-0.014862054297268924,-0.010962245033559664,-0.004309536804736451,-0.022777750281836946,-0.018092596108771508,0.004819939878611467,0.003933816050176279,-0.007604079879114022,-0.004238234732443305
-0.003138966680224251,0.012312381542940605,0.0005169666265350056,0.0038440590588668545,0.014758029808476927,-0.011852262741378348,0.01379544970982036,-0.01746990604401293,0.02437160016921266,-0.0005498534452729843
-0.0014119880443982217,-0.007900932606799105,0.000679538695614852,-0.008139289343552103,-0.004702585588079724,0.00019421968674843487,0.010529425554990783,0.006588005449881355,0.007797889043472968,-0.003153604960711836
-0.0024702790139474115,0.0408155972792638,0.018493916960329294,0.031086775946369882,0.010076508913944892,0.01302262010352452,0.023769875582584196,0.03584287719104882,0.016286559253756813,0.013016313412208724
0.004404746612078028,0.016847592003760226,0.021419012534477012,0.00715409828932788,0.013970897931906664,0.03414544601077637,0.01081555448685453,0.014148203618725631,-0.011894054028575305,-0.007083368799069912
0.0027528559278266035,-0.008672210077475748,-0.012123891156756182,-0.0012140933380544836,-0.004486309268166708,0.01514130259897065,-0.003828003872599506,-0.014961408423304455,0.008713685901505893,-0.005418343598765194
0.003037936903618774,-0.01611159151367,-0.017674848729100773,-0.0051769141161147406,-0.0058113034755319535,0.002072956410736785,-0.009250048329973101,-0.032106682219899624,-0.0140418774945372,-0.0022030993813313003
-0.0014054656409366755,0.005963602496378978,0.016201690170298474,-0.0036288674497653795,-0.014751974496138185,0.0008291846078702025,0.0002084328060697091,-0.006796944796124395,0.002489518654720541,0.007075424701064881
-0.006754804623839966,-0.016748717270873903,-0.00018485381804053634,-0.012663734376079207,-0.00554333214028697,-0.017403533655217067,-0.017261376006051855,-0.020518937390454066,-0.0186115477512544,-0.008014994846280857
0.04308881763572845,0.02232260642895226,0.020887085791369116,0.012723157461683487,0.01733642444968643,0.01710043010215061,0.025119081429462883,-0.011633513855024868,-0.015736795058755648,0.012049367430988047
0.021947093815156523,0.006712777774105482,-0.01210995642259068,0.01473584879341174,0.011089281983552864,-0.010068378758744922,0.0017292948293744013,0.0002040060984071648,0.012867097031675963,0.006147337530464054
0.004812096531593971,-0.026662350135122193,-0.01389782850257864,-0.01482107615011112,-0.006071892008884957,-0.012071141040651835,0.0027287708329888157,-0.02800014607953158,-0.003400308532059744,-0.0001483189715679186
0.01765466713356391,-0.02811812828537825,-0.019389611687403382,-0.0307961753043623,-0.039841443931808884,0.0026280790453481312,-0.013698973257987229,-0.0021259451940421913,-0.03469639855179557,-0.01020983484187246
0.033793578984401516,0.023357712512613333,0.021027305021210384,0.010073425550782094,-0.00920743817864689,0.03215813659491314,0.006127774965136406,0.02073412093110511,-0.008746843801012656,0.004376367631022679
0.01999991206038053,-0.0036665562487450416,0.012501497015684135,-0.0012975129434799769,-0.02242855699457934,0.014346415867461161,-0.005514196416739157,0.008155507839559609,-0.0003769187614285927,-0.00931381191982802
0.009023033079085583,0.03425158002897786,0.021511272559644273,0.008553239686995893,0.021335342854534336,0.012156209854393777,0.01175352365103891,-0.0007473219941955033,0.015123478253682224,0.016075861086273534
-0.019904043596361585,-0.012853258089589066,-0.021712437909379625,-0.02033578908908599,0.0011042126626939707,-0.015545722993624733,-0.006627424730308283,-0.019601807730378132,-0.015349502040327763,-0.009420655075066271
0.0012538410045998397,-0.022483112175126302,-0.018113229883473678,0.005824435937549238,-0.005488917022255281,-0.012720733081001197,-0.01555913793929076,-0.019422909257476282,-0.03332053740879905,-0.004936172370832114
-0.008207410457543543,-0.006298072222183115,-0.00017647866965524284,0.004196843740241226,0.024983821189702455,-0.0251676013713699,0.009434780677775275,0.012871748434722913,-0.010429337633391045,0.0015825043937943409
-0.005993839937608353,0.0024878372554340126,0.01517771035053992,0.007030220936104953,0.00650518993167279,-0.006736109304970947,-0.011364120207046535,-0.0017224569357840358,0.01753350383007273,-0.00794494976219469
-0.01705199411369052,-0.005239728692672191,-0.014842264991736607,-0.011184401482981533,-0.00792210318303464,-0.02582520631564903,-0.011284591328582247,0.004777438073010775,-0.02200833923679074,-0.01228050810348526
-0.005440087791725899,0.014826945237932477,0.0068443618377422785,-9.97100300219677e-05,0.004934408531975328,-0.024869867507479528,0.009087680214091764,0.011703972827105526,0.0004613180041519584,0.011041905885609238
-0.021293457139515293,-0.007213181487360523,-0.012383146473745776,-0.010797877835691165,-0.007352219891730152,-0.00893341791772553,0.001293270957858303,-0.02418241649156365,-0.020197698195292976,-0.0021605299969062984
-0.008934760760467692,0.0047743835654640385,0.014440069441055059,-0.00489177199886699,0.007259673794906676,-0.02016686311259725,0.005012330753547547,0.0015228076797649532,0.005582260446991926,-0.004420985642009325
-0.022674441067141275,0.005817791989460539,-0.017363530725236685,-0.002134352904034572,0.012127194424200731,0.0042040945985743535,0.016667909127862462,0.014711949885017287,-0.007618640766539748,0.0014906407893685721
0.0022562928154100203,-0.003179370163286463,-0.0015755822839501753,-0.001881413118625432,-0.020441008435479583,0.004474924285703112,0.00226921188052556,-0.015550148847414715,0.010747721273731532,0.008531771484829438
0.007173220702725062,0.008641959235882873,0.015423668302707116,0.012547778066746977,0.008654356331800657,-0.008809441022065437,0.008057793544161801,0.022937552760778968,-0.0013126160780162993,0.01796518223066803
-0.013057183096538668,-0.015821095429175615,-0.02090178721269875,-0.005328479177009243,-0.028135416878811298,-0.01668474937647944,-0.01765323890127334,-0.009357745381317242,0.003668513628077789,-0.004835127176695616
-0.04136144093295391,-0.007586618657743514,-0.017278027272531412,-0.018738322395798486,-0.008437006477392105,-0.007365758309391673,-0.017546287437792362,-0.012758246343924305,-0.022392147528351062,-0.014058681016830448
-0.002828720346211211,0.009099894018975239,0.0187853708794213,0.015583822993328042,0.014970689311523452,0.02265050907114135,0.012991984771748014,0.006766731414042155,0.023907447416421864,0.0027591339143215256
-0.010789741535043482,-0.001473498088406473,0.014953960436325686,0.012601634710120989,0.008198412921126226,0.020417899515890164,-0.004234116584843119,0.00828374950402253,0.0016992304183275206,0.00783707519904617
-0.005280314169865575,-0.013251963606960293,-0.004505460668529671,0.0042034711585206145,-0.012854869337462979,-0.005977498529677999,-0.014358757300833398,-0.03898283361922061,-0.003851410739106595,-0.0020702291987213534
0.012040401796761446,0.009453734485168392,0.017769279020245388,-0.011893582835452136,0.026957247881135075,-0.007458391806652217,0.022635338734361913,0.028367329485774192,0.002290535128183325,0.006203195786230612
0.005819476806239979,-0.003807691911248098,0.002895624035877042,-0.0039040229915697938,-0.02013967942841766,-0.03646906468906025,0.002865902479501917,-0.0055075200034772,-0.006261856069186142,0.005262647078772387
0.023025876518812268,0.015881892879831577,0.012910701241574334,0.013989273485294012,-0.007864391511649676,0.011965749436829357,0.014020026817959672,0.0211795122304142,-0.015563323904626388,0.005376916654284099
-0.011850528175098334,0.0021811855583770173,0.005802869856666678,0.01652903973716038,-0.005238145564221873,-0.00772426980731031,0.009857996092333276,0.00490890626322535,0.018572567036817676,0.0025622679696579837
-0.005427610172935461,0.021316332410449123,0.013294530391476314,0.02196749396696774,0.02828733544984525,0.04527357323032441,0.023437355896239527,0.03634788488920667,0.011491250089507733,0.010100648155636584
0.021440097461677497,0.029244575975605914,0.024789768809211236,0.01690907208853781,0.01595761496008755,0.03369789264577967,0.024593973975216496,0.0253533931089008,0.02844426107022658,0.01720048631431106
-0.0075846218985276305,0.0021866024603334356,-0.016007896318852403,0.009627036929936123,-0.015679497840667963,0.0032560700806590205,-0.008636137509932695,0.004930714343717716,-0.0024508560762721886,-0.010671583737775976
0.011272256230091279,0.010662652962551191,0.021605491302837024,0.007274256935513069,0.011469020339330603,-0.009263589144506153,0.003225243361675123,0.0045717963635264385,0.02129131094304206,0.017626189822030444
-0.007806015593509228,0.01760417668780281,-0.011364219865704963,-0.007596799765365764,-0.006790201598846493,-0.018118976951955145,-0.007347338739169794,0.012310670525309483,0.0033824041868798123,0.0076510116556956585
0.017164078826651902,0.02248179988987917,0.024800273804226374,0.009358990179513575,-0.004561168655075671,0.02726331249570871,0.006420332202095102,0.002576891316519743,0.010624733124349231,0.006012179480728476
-0.010691667593490226,-0.011263048535637716,-0.00919605274216817,-0.015957174307774515,-0.012191625203389966,0.011592839133898256,-0.0036683167140983265,0.016939729010146457,0.007735407597555059,-0.0007327679471905128
-0.015855620032456236,0.015982232923874937,0.00903578274034437,-0.0005563133925476032,0.00682955560657109,0.020709322729861552,0.009644951119639455,-0.0036916643161725676,0.017044015137343632,0.0021792873218819623
0.008831898308365902,0.013886689114453725,0.012442256438660506,0.015921082676907016,-0.00493797573321468,0.040031500044177507,-0.0059242472149121225,0.0036942854631493985,0.015345223493200572,0.01208648734307649
-0.010330433023912644,-0.025778637538148522,-0.019189546698571123,-0.01461389880569829,0.004667611134056438,0.002225389628171294,-0.007042968603650812,-0.029859575062247637,-0.017152444040197536,-0.015244111539130061
-0.020167252865067802,-0.014358116424618938,-0.020417727149979716,-0.0012106062951330802,-0.020577536062229673,0.020917399321486792,-0.016559306630563,-0.008890943353870435,0.0003090586696341777,-0.012229856528430389
0.0017200138517617656,-0.038212460438401714,-0.013154786785869418,-0.014038282379302316,-0.020803723832245317,-0.018793370760152295,-0.009809737264033246,-0.027881174480191652,-0.02906982132914162,-0.017013810179388453
-0.017839399858155497,0.00943228813345519,-0.008510904150459199,0.00714854695647743,0.0008058700799582333,-0.01819689794489306,-0.0020910586588719715,0.0076531389256399825,-0.004784515609099806,0.0050484772119083745
0.01846806398629811,0.017544829017527904,0.005641058704608394,-0.005882610766090746,-0.0022107316627627536,0.008358573686471672,0.010257634404866716,-0.019808778176574785,0.00691488362365746,0.006961228225269073
0.004135888778528986,0.031721820835503074,0.024368055800446254,0.02479236463589156,0.007848653665598733,0.026158232990746086,0.025278353836672977,0.032518207385970846,-0.0008241291213296749,0.010825185051924952
-0.004258131904544021,0.005039404934363419,0.007819553572226955,-0.007937267872273281,0.0014708833876320466,-0.03322084755623743,0.01224763919243305,-0.005308316915897836,0.0018067074966844343,-0.000794510399975494
0.02497627826259558,0.004294712951737979,0.021937324509678453,0.01083011577410241,0.005895183825801554,0.040254436436194974,0.006126953907424861,0.026948056500850772,0.020465251531418694,0.020455877421168948
-0.016394047166089974,-0.025004475999336466,-0.007712748833101847,-0.005027610040898077,-0.02754114886183286,-0.018317542868404375,-0.00788695492074379,-0.0030452786802141266,-0.021953286071846163,-0.027138341722141395
-0.0011995785699304025,-0.03321291268734239,-0.04123081138407078,-0.0415208677514798,-0.001813291430428828,-0.009320697396340668,-0.015380234540217638,0.000650333619002525,-0.006684111962408497,-0.003886761923509407
-0.019785272474108745,-0.0005812624947856487,-0.015515622934693038,-0.002463690258684513,-0.0031602033199946396,0.010295879990970565,4.078347821950856e-05,0.007802938827488824,0.009590895405460329,0.012219822734353663
-0.0022210096222625934,-0.0005484152502163099,0.007819047633158908,-0.005344960182330566,0.020329032783710607,-0.0019646117279414677,-0.0013097934006122529,-0.0016098743854875764,0.01389582616460472,0.002523420677254579
-0.009017807362301077,0.011811057512310793,-0.008075571949290846,0.0004798470726536012,0.00766347610280054,-0.027430991832049702,0.0037000224375497675,-0.013302699997491155,0.011461090428270225,-0.005359449454845567
-0.0006910307319068028,-0.02206623020738133,-0.0190725388446565,-0.011750059576859566,-0.016672774939964233,-0.02363755454903778,-0.004742929912273466,-0.029632819508698137,-0.033327903790615655,-0.01218453072130515
-0.01150159218977743,-0.007567936382707668,-0.014338816039023757,-0.005363718784466674,-0.0014246679381332962,0.0036318527918145784,0.007012287398512794,0.006231932608022081,-0.003140597116735084,-0.0014509871376686084
0.000691857301468583,-0.00966865329449983,-0.015803409025627144,-0.01387651198375591,-0.020488367014965307,-0.03299953840346609,-0.005040964184183257,-0.005573025105812874,-0.0037990964423890643,-0.010671055279382884
0.02368325768315286,0.006890302654776494,0.018278298290513174,0.004703179621180021,-0.002475109585450239,0.014680230050219123,0.008784107462376825,0.011847362065514726,0.0077100758954167315,0.005466005733509703
0.03602011440010626,0.014268180657394216,0.012059193540883268,0.004124266055875298,0.014587764359094826,0.011358476335206855,0.0032810811972508584,0.00034383948222605523,0.002633304263739286,-0.01477728125664311
-0.0016571971912852004,-0.016799571469454315,0.0028121387760636123,-0.0061526436220405946,-0.02032450260613961,-0.007097654279047728,-0.015799526559878197,-0.003166335074732344,-0.004378558162406345,-0.0015967948728250845
-0.013638254108377669,-0.0068318954316839925,-0.019261050513986914,0.004041476094779056,0.002802713983868483,0.004969045986280695,-0.0039965570484465675,0.00045380819527533013,0.01782969232502831,-0.005306748234452659
-0.003298602535464066,-0.02279244894644876,-0.021866786755984326,-0.006179136447518126,0.006012157269728851,-0.011376102429214751,-0.010281586973085115,-0.015580830532584706,-0.016956589642617308,-0.006317196544566542
-0.021304291205139523,0.00864390548200164,-0.006685470384077139,0.007469661470851467,-0.015303070869257147,0.01095560457116304,0.004991410524811816,0.004688721788773182,-0.014052540489160931,0.0013089089426758297
-0.011550987325880677,0.012727316684034323,0.02277764956883238,0.015505043138961954,0.006854588247889542,-0.009665069733992272,0.012966434130664832,0.010480756505629086,-0.02297856218084402,0.012399044709461323
-0.0052252890185247244,-0.005480723805528424,-0.023017450492015014,-0.04002311379350079,-0.003253872981215476,-0.0016823482117219813,-0.02132149193173057,-0.022094990795971086,0.029413576913517987,-0.00915711184816519
0.013237189417530713,0.003274570207435943,-0.012502648301076716,0.002143050748762514,0.0004540856296196764,-0.0031019384736981287,0.003260422731065072,0.008971498596628859,0.002953325607097401,-0.002829343020415162
0.004382404645587034,-0.02113976290828385,-0.02590938270393136,0.004320246392652745,0.002550630896929988,-0.004424365409307032,-0.015298082053645566,-0.01398741606891766,-0.008249822212886579,-0.012903742608899505
-0.014355552622233512,-0.006547637303701755,0.003219443053825738,-0.009710626988642512,0.0037140187763905425,-0.03736954057919873,-0.0009810017476355104,-0.017899556382013983,-0.002780824460993106,-0.007301596984847496
0.01841318965011912,-0.007294818392092749,0.004854988228192301,-0.003356506079074875,-0.002441855303393202,-0.0036536868242603195,-0.00749879665380863,-0.0008295774758851681,-0.0015269650064171575,0.0009106605128803635
-0.003941398462733084,-0.009077140312797487,-0.004736697981750738,-0.018061713620230062,0.0033910452432704312,-0.026816419717113377,-0.0035026520601082337,-0.002283182511424939,-0.03584840729327224,-0.007278229797244272
-0.009274637502561996,-0.013039332680208246,0.005689663995904043,-0.010465039270793296,-0.013160861084076726,-0.0023512841039886635,0.00115191504969121,-0.007027938053158068,0.011377215170304425,-0.0009725667178344219
-0.03686838063995395,-0.02088263511741477,-0.020839536185319946,-0.003162391128731828,-0.03908561247611579,0.03474241204087207,-0.005264996280049997,-0.009936112574675027,0.005584390176952371,0.004256495815418966
0.022823136493894457,0.03608934352952355,0.02779778901351021,0.012849595627777585,0.007924476419801615,-0.00027079114555523945,0.010431631868079428,0.0034098019819997372,0.017597036466298475,0.006331566357543216
0.0031401676711751555,0.0007409566553719282,0.0022412360883590637,-0.00488933465042743,0.03683609991574053,0.023222924656495465,-0.009543412294962812,0.0037684082647330658,-0.007773823249497837,-0.0051169991333739895
-0.022392111443129567,-0.00673959138122959,-0.015323468475072538,0.005512792945223651,0.00715892889685998,0.018431482280176856,-0.012319177847199016,-0.0006804431173251896,0.0026017864531605603,-0.007854480544083558
-0.009578261096180866,0.015040974612998588,0.005378362068638586,0.008538479501783207,-0.008112867052862724,-0.01883196896253545,-0.002708661447352505,0.0010624953915732039,-0.0124433704581029,0.0020202169643909725
-0.02427422410834095,-0.009114668545037598,0.005190693948841456,0.005876346484442265,-0.00524370551180145,-0.017680939742432768,-0.008994357233111011,-0.005450170487569463,0.00824353496456711,0.004782446158097679
-0.007940241797290923,-0.010948806997184238,-3.8541119627596236e-05,-0.009877941187464285,-0.007480873730072046,0.020887285978005647,0.0049589787127002904,0.00019047931256458738,-0.019381014376504104,-0.00016087212691501314
0.01851320820302372,0.006843835372945172,0.021252598287885907,0.01828232765809823,0.024050292615517957,0.009480899846899028,0.009758880822467595,0.024719476750003008,0.012276751952358639,0.002387286424660684
-0.0021660639475472388,0.013306895224498344,-0.0016221129923993049,0.004231923497412095,0.018311553146517105,-0.03142482733341385,0.018483778625509928,0.02247840267131666,0.001015609445182206,0.009472415834962155
-0.0024672628471595773,0.0014059905060728518,0.0025438741103661127,-0.018133844742565977,0.0034991216423669778,-0.006913020942779159,-0.0034810256413924786,-0.014247499705017552,0.0196714803530306,0.0021107279734835535
-0.01323612717008404,-0.017449326152145398,-0.01089809627842121,0.0007979759446737342,-0.0009193757226791441,0.01725184066345942,0.0018077523997805588,0.006872367883475829,-0.00048707788387834214,-0.012087308825637997
-0.003956633786491747,0.003955862583998634,-0.0037555053806724273,0.003660311145286494,-0.005487278350513176,-0.018995129760828906,-0.0030749974504569793,0.00155694029126408,-0.011327907547398573,-0.003135849640733008
-0.02505314437833367,-0.02541773876057313,-0.03304161547490804,-0.0008107306435693016,0.0025693136033100713,-0.016928795217559172,-0.02645244421240728,-0.0496617119732534,-0.041553222107750164,-0.025656644052533723
0.011905623933822898,-0.020970181761175065,-0.016140918453767056,-0.03375810319436142,-0.024353723609854352,0.004690618382957614,-0.009769783502299836,-0.016952044153760622,-0.00593677719419546,-0.0022866629036715443
0.004231657155113679,0.021064104183470198,0.02041259014291616,0.03518245700094693,-0.015376484515845083,0.020966547582059982,0.010198357479854548,0.02165926416204028,0.0039505437089258875,0.010919394702332458
0.018899495133257723,0.046737857140523385,0.029892181494174882,0.0031564006488998173,0.00636044854683224,0.0037969629290242383,-0.001003600138548002,0.013106775776849608,0.025846865446407227,0.006139703214323184
0.013818543472325508,0.000279178440941163,-0.0098141664519915,-0.0029199317846914153,0.017390225623111887,0.010767674995633207,-0.0018093933270275028,-0.005127333164196875,-0.0009166226666755309,-0.004502608900380387
-0.0265894214967002,0.023439112091702564,0.009532373906478259,0.00862522995176606,0.0034078282324916252,-0.00823091051926764,0.0032736620271393655,-0.013979156801804027,0.03733376063188366,-0.0020875981369731606
-0.012760868699088533,0.0019328845455248939,0.01662497242853784,0.0027088981285655345,-0.012352556754612764,0.023334332129794123,0.008470866701566536,0.010481428189239184,0.01317996839988128,0.01648602693293689
0.047257816160950816,0.0408665927318881,0.0566526829493552,0.026293049576641095,0.02706480391429226,-0.007188701709680776,0.023522641136882377,0.021663653375971932,0.040532527990752076,0.030845915651096036
-0.02333348950055913,0.01678074740431981,0.025835986141703383,0.006355357818542192,0.016428827629978222,0.013705350836983236,0.011858937844870262,0.008470018899132957,-0.006119438287418217,0.002852548166222954
0.009640950313311265,-0.0012619816719075892,-0.00261117634556534,-0.005020650910374112,-0.004323522926517005,0.01685291181246346,-0.0035858460779295285,-0.017914021749900172,0.009474835450478034,-0.0017960246313386567
-0.00427945522716066,-0.0021636962593141965,-0.012532133342692976,-0.003432118564458705,-0.02031239756713188,-0.010053343519732152,-0.0026884006393976473,-0.029119761410972982,-0.005775686678317773,-0.006603103214222237
-0.007527729388716752,-0.015777073032052974,-0.017874419286058083,0.0044091146322513515,-0.022555887538516877,-0.008535635415649735,-0.01212116550058482,-0.029609676259784983,-0.0013514290731129995,0.0009156546703058207
0.0010679075764631367,0.007052833312822216,0.0038968005047959778,-0.0057005618267664945,-0.02001003973170562,-0.01028833554064047,-0.009369281869160723,0.024196607169840813,0.0006381768588332044,2.2474528539409205e-05
0.008918610592285658,-0.01859330479397102,-0.01687999083033509,-0.004333871202058265,0.007187124057511201,0.0034105534952488864,-0.003974272734901617,-0.006311131327870718,-0.0011505645348829975,-0.004452471031988121
-0.021756950375149058,-0.020098749041564033,-0.02863144654334609,-0.008940810070212682,-0.015226249626657706,0.03304748103428477,-0.011634091545893534,-0.03198098890754878,-0.014777432322605389,-0.007911396617307252
0.020608466214276158,-0.013204389668089386,-0.02306902307144581,0.004306725615009035,-0.020593825879423596,-0.011573969171342282,-0.0071364820998397705,-0.0070646128209446045,0.0038846304741710384,-0.008627141871485472
-0.009261431948103468,-0.01551870610255889,-0.012614655775751726,-0.006338088002533871,-0.0020490907833185298,0.00692868499707811,-0.00543588081668396,-0.0048700951980579915,-0.03171008340051737,-0.007888158982537065
0.01583117275583365,0.03044969513055905,0.016377239657935527,0.005440734085127391,0.004867805691096152,0.020692158822568547,0.02195792855537891,0.012555312046267753,0.028671841536883597,0.01443581965152356
0.0030773978440080366,0.01194037218697707,0.019144976180140414,0.01003680661805873,0.0331218095811403,-0.008110754098022354,0.011356031206935612,0.002753124761093692,-0.0035142652672009935,0.007297112269493395
0.0021556667919314645,0.021059972286394293,-0.0014411205932222525,-0.011579037934776876,0.003340781488887569,-0.034699650060283166,-0.0006760901961675252,0.0005685079957447707,0.011300139935020456,0.005866635746706526
0.0008146697289574751,0.02116591439791734,0.012924328678354483,-0.0009578146168043067,0.013922515599866538,-0.011091356309396271,0.008710583057838516,0.002960132570764196,0.021765732534473003,0.022355286386959015
-0.017801062078576336,-0.011524832845945103,0.00025197594312797333,0.0010553431900524805,0.003279079626936213,-0.006797068358954467,-0.0008586705511859887,0.005911656863309425,0.01550912683750538,-0.010142046559122028
-0.009464643107782444,-0.01066339642654669,-0.0196959279999828,0.012373564792586021,-0.013233963278942116,-0.006416451079726125,-0.0023581219243379646,-0.015896903753124074,-0.033328166084764896,-0.008873442879638921
0.022774159363654716,0.020479438933024587,0.012746161974650257,0.020904597602129257,0.00663072569229965,0.0020122022647649698,0.013567758075619248,0.025853727967971266,0.0476081195550266,0.017147192989399197
0.019499269617847023,0.004813258877192146,-0.0020514038944412774,0.00483252457643522,0.005105834984518364,-0.014249564534727845,0.003055877191546832,0.011045716740306948,0.010367292752824282,0.007520047286917604
-0.0010246887629261478,-0.01836220991638629,-0.018249415376143194,-0.019632754290393042,0.014223814259790702,-0.0067005238211517255,-0.010016462471879962,-0.021990989743401468,0.03143906930804322,-0.013938252909820942
-0.00682117489540858,0.0006317632077915185,0.0034879437855787707,0.009037513125503584,0.02026861311973097,0.007353745331561135,-0.00985062956738122,-0.004770713494646248,0.002841221771986229,0.010659393450975222
-0.02412631412441796,-0.003861350133491772,-0.009586326250410138,0.0028954818795448867,-0.007015500928098262,-0.01995564772925271,-0.0009155504221684374,-0.00020636419870650056,0.0056783607626761205,-0.00662071101051435
-0.015452977674921962,-0.030901176971720713,-0.010344716603224672,-0.005061858517999365,-0.02070174657224061,-0.018323712807674693,-0.01472961264690722,-0.03257780587960153,-0.02390100365561086,-0.017017040495304978
-0.0007766894713398269,0.00885511676215604,-0.002531254166353348,0.028164937728403762,0.021308714342535708,-0.006578170018921028,0.009749982669351804,0.015244983784403775,0.02551158999356718,0.0030480224237146285
0.025673607386126434,0.024661021126286937,0.013301391275685658,0.021541107776121417,0.02846522157128423,0.05663044085299613,0.005887637117703331,0.028899067289893766,0.01244456964429861,0.01995369348210336
-0.02787920696886662,-0.02903347517954288,-0.025521702415901532,-0.008794318995685519,-0.016964450624756055,0.0016619000762606877,-0.002914505704246599,-0.006262701695782126,0.009785404090883704,-0.008313782232650092
-0.014072363572291907,0.018425048365948403,0.002216361226548193,0.013904944941842787,0.022635537441995503,0.011671901732645798,-0.007311079538635738,-0.0054581716799870445,0.023954928492914453,0.003874154975724243
-0.0020091511404215197,-0.0037016812119841816,-0.0017436221759101222,-0.0013691948373385522,-0.0067446885950122925,-0.009529961293059606,0.0017494837270961361,0.0008167842936088415,-0.009296109044500386,0.0013996854438779115
-0.0041155021966692434,-0.012720353827485403,-0.013218660666430343,-0.013402824867926409,-0.006384555594547562,0.017532342053574436,-0.010231256569607204,-0.0021491885300155217,-0.01331822650546858,-0.004953966096913658
-0.02424314722767426,-0.009791518014310928,-0.009317888421907438,0.0017901628085161682,-0.0012328018184597142,-0.02399223994349744,0.004027231941594757,-0.0029504331930379655,-0.0024254039279422036,-0.004356273950715161
-0.01158864406037689,-0.010674856685527189,-0.006657332424499607,-0.024149498110976053,-0.012107991211373117,-0.010019562417455864,-0.004777233965946062,0.006763848731728561,-0.018428034537134243,-0.009289684940851443
-0.006764190622878934,-0.004491250707810519,-0.0022180421869506394,0.008775000858552307,-0.011985278512894137,0.007671712462707486,-0.013093425103293102,-0.00619288096121401,-0.003782719527796136,0.010308413501110877
-0.007972071722183028,-0.02734604852756984,-0.029433051089762054,-0.005222564214302857,0.0017644733440943291,0.0007829102356820755,-0.00521987752819741,0.006707662355472982,-0.014896433822202895,-0.0010934031801773417
-0.021480597553320088,-0.0019625019177224577,-0.012957489424452705,-0.0006185858267512387,0.001458668244100085,0.003925065646683062,0.002793125498046209,-0.00857447047131098,0.00021922898071901646,-0.006007426331429551
0.019315863034241945,-0.00241160915880633,-0.004863408962052705,0.016658205948014586,-0.014889631539088162,-0.019065626433540418,-0.009045201152910286,-0.0009312317356866975,0.00586598558109881,0.0041994812718552845
0.035471107856930036,-0.018985927690564754,0.002920212527573402,-0.007209980614056078,-0.008410570945930854,-0.01186889721132163,-0.009064198200014554,0.01941406938754533,0.009809906337401638,-0.001375255711174273
0.014679602594142863,-0.02358755435768564,-0.024184869048832495,-0.02898417028133636,-0.014307390559666048,-0.0033270136121065865,-0.006353411598112449,-0.006955185677836623,-0.027711791853273444,-0.0022223023766465254
0.0006446233845966678,-0.0027986129057378734,-0.02505056557662209,-0.0004998746011755272,-0.017834550792259152,-0.010445429741355221,-0.0002431008422101786,-0.00430591077437895,-0.01685941592823299,-0.0041446171673167114
-0.017531525675779952,0.019742021350375803,0.008531942861126213,0.017460070546045876,-0.0009218344748863482,-0.0034595936304595665,8.86538599273702e-05,0.01932664243316289,-0.0024710391796930343,0.01003220755252363
-0.0025648178318842998,-0.006171020922960147,0.0017164483974751784,-0.00846755252142784,0.003979229744664115,-0.01638654329400041,0.011555090831722745,0.0044217570953517665,0.002542581988491929,0.008083089384301483
0.008826888408180954,-0.014031443677083979,-0.01986809744702983,-0.025242614701656278,-0.014626357584225001,-0.016873623341547767,-0.006882743018899493,-0.01395912038009487,0.0007829561822371241,-0.010843489172730099
-4.179325269422948e-05,0.010337702973658311,0.004923405744998725,0.00041692657974915577,-0.006287974176573705,-0.009782888780894592,-0.005878637939289194,-0.005413715109086668,0.011759509451721273,-9.486820584503468e-05
-0.014975382838746573,0.024065576956810924,0.013406567736398796,-0.00907458492083782,5.359732840538048e-05,0.0071578230434978405,0.019794601820257385,-0.005941647774853772,0.02089647559769444,0.01430095587372697
-0.0173537798634004,-0.026026706762627843,-0.03157389948629671,-0.01368777502515119,-0.011653278261413356,-0.00017902335896009854,-0.00458669582342821,-0.026171799248149906,-0.04253619912081555,-0.01294661834898299
0.007240179418402517,0.01023616270405952,0.004567856619393878,0.005519357191991946,0.021811630298854134,0.010280344109095342,0.0015080452350143161,-0.0003446842623784106,0.0030456572938199348,0.014006561719752966
-0.005798500090608113,-0.009400075758594795,-0.012961431720200171,0.007153635517993851,0.01885100369035181,0.0031942204178481413,-0.004544088536148484,-0.005876169969730358,-0.03894384822776679,-0.000614700440342298
0.005122447970896193,0.011905548316717814,0.0013206384849305333,0.00036902151745708665,-0.0008140750858766184,0.021202316893340213,0.0016840036558793898,0.03277165354127185,0.011641161581159456,-0.002369281120217355
-0.005546095563454753,-0.01536088160797257,-0.03036526166492292,0.011689601435084077,0.003284261795464849,0.003892210426751006,-0.004692799197282611,-0.024945380106558127,-0.013488322970167969,-0.0008604799906285602
-0.024050100730941913,-0.04400619481932938,-0.02578696825995946,-0.014005223863038966,-0.010538516174962188,5.057524694243634e-05,-0.009294664322320885,-0.014759300743239001,0.00012134729314110417,-0.02255072459804414
